--
-- PostgreSQL database dump
--

\restrict 1ggraS0rksPb1V5ngAu8Kn1bYZFwpA3bJW5Cylqo49aHl1kBrTC3FaEEwdZc5bt

-- Dumped from database version 16.13
-- Dumped by pg_dump version 16.13

SET statement_timeout = 0;
SET lock_timeout = 0;
SET idle_in_transaction_session_timeout = 0;
SET client_encoding = 'UTF8';
SET standard_conforming_strings = on;
SELECT pg_catalog.set_config('search_path', '', false);
SET check_function_bodies = false;
SET xmloption = content;
SET client_min_messages = warning;
SET row_security = off;

SET default_tablespace = '';

SET default_table_access_method = heap;

--
-- Name: categories; Type: TABLE; Schema: public; Owner: signal
--

CREATE TABLE public.categories (
    slug character varying(50) NOT NULL,
    name character varying(100) NOT NULL,
    description text,
    created_at timestamp with time zone DEFAULT now() NOT NULL
);


ALTER TABLE public.categories OWNER TO signal;

--
-- Name: signals; Type: TABLE; Schema: public; Owner: signal
--

CREATE TABLE public.signals (
    id uuid DEFAULT gen_random_uuid() NOT NULL,
    source character varying(100) NOT NULL,
    title text NOT NULL,
    content text,
    url text NOT NULL,
    score integer NOT NULL,
    severity character varying(10) NOT NULL,
    hash character varying(64) NOT NULL,
    published_at timestamp with time zone,
    created_at timestamp with time zone DEFAULT now() NOT NULL,
    category_id character varying(50) NOT NULL,
    summary text,
    ai_category character varying(50)
);


ALTER TABLE public.signals OWNER TO signal;

--
-- Name: sources; Type: TABLE; Schema: public; Owner: signal
--

CREATE TABLE public.sources (
    id uuid DEFAULT gen_random_uuid() NOT NULL,
    name character varying(100) NOT NULL,
    url text NOT NULL,
    category_id character varying(50) NOT NULL,
    trust_score integer DEFAULT 3 NOT NULL,
    is_active boolean DEFAULT true NOT NULL,
    created_at timestamp with time zone DEFAULT now() NOT NULL
);


ALTER TABLE public.sources OWNER TO signal;

--
-- Data for Name: categories; Type: TABLE DATA; Schema: public; Owner: signal
--

COPY public.categories (slug, name, description, created_at) FROM stdin;
technology	Technology	Tech industry signals	2026-04-04 18:15:59.176772+00
geopolitics	Geopolitics	Global geopolitical events	2026-04-04 18:15:59.176772+00
\.


--
-- Data for Name: signals; Type: TABLE DATA; Schema: public; Owner: signal
--

COPY public.signals (id, source, title, content, url, score, severity, hash, published_at, created_at, category_id, summary, ai_category) FROM stdin;
e516864d-10d6-4b30-9042-cd3a8728d934	BBC World	UN watchdog voices 'deep concern' as Iran reports new attacks on nuclear plant	The International Atomic Energy Agency urges restraint to avoid a nuclear accident at Iran's Bushehr plant.	https://www.bbc.com/news/articles/c5y90jl8veyo?at_medium=RSS&at_campaign=rss	10	high	bdc9b8f04f21fd396664aac60a7cb872e755020771f5b29bfad15ece25866278	2026-04-04 16:19:25+00	2026-04-04 18:20:59.580248+00	geopolitics	\N	\N
4abe7d75-30bd-487e-a0d9-f4e6ca20b257	BBC World	US arrests relatives of deceased Iranian ​general Qasem ​Soleimani	The niece and grand-niece of Qasem Soleimani are in the custody of US Immigration and Customs Enforcement, officials said. 	https://www.bbc.com/news/articles/cgqkn4j48qdo?at_medium=RSS&at_campaign=rss	5	low	bcae5f0ae39b96a2fa668b2da16624e14d0fefa1181839d821742a91097b5983	2026-04-04 16:12:15+00	2026-04-04 18:20:59.600562+00	geopolitics	\N	\N
fac56711-89d1-4400-82a9-31bc3a066a17	BBC World	Russian attack on Ukraine market kills five	A Russian drone hit a busy spot in the southern Ukrainian town on Saturday morning, injuring another 21 people.	https://www.bbc.com/news/articles/cp869m2gzr0o?at_medium=RSS&at_campaign=rss	10	high	c99aac6b79db1133081878ff4ecd43e09e1befd3300188e77c8ecadadb9a3721	2026-04-04 14:00:31+00	2026-04-04 18:20:59.607608+00	geopolitics	\N	\N
060ea7f0-dda9-43b8-9db0-8fdc54bb933b	BBC World	Fugitive mafia boss wanted for murder arrested in Amalfi Coast luxury villa	Roberto Mazzarella has been on the run for more than a year and was living under a false name, police say.	https://www.bbc.com/news/articles/cn437qkk80lo?at_medium=RSS&at_campaign=rss	5	low	138ebb2dc55c37f284c6fc38ef6ca3f03e9414f11446382dd720ec5a6bf923c1	2026-04-04 11:10:28+00	2026-04-04 18:20:59.612285+00	geopolitics	\N	\N
8c60cdfb-1647-439d-835d-2dc7d78102ba	BBC World	Trump seeks $152m to reopen notorious Alcatraz prison	Former Speaker of the House Nancy Pelosi calls the plan a "stupid notion that would be nothing more than a waste of taxpayer dollars". 	https://www.bbc.com/news/articles/c3dlpk0zzy1o?at_medium=RSS&at_campaign=rss	5	low	e607c566ab731c2c802a9cadb6abfde30d473ca5fed2186436f806bf6743dc9e	2026-04-04 09:17:10+00	2026-04-04 18:20:59.618122+00	geopolitics	\N	\N
38ec440b-4357-49e8-b5d6-7c755b89e914	BBC World	Artemis II crew now halfway to Moon as they take 'spectacular' image of Earth	The snap was taken aboard the Orion capsule by its commander, Reid Wiseman, as the crew head towards the Moon.	https://www.bbc.com/news/articles/ce8jzr423p9o?at_medium=RSS&at_campaign=rss	5	low	26707ad6ba89aeb80abe9b8fa86010702680ef89f55ca52231e205a2c4e498a8	2026-04-04 06:42:48+00	2026-04-04 18:20:59.624898+00	geopolitics	\N	\N
805a4fdd-6e04-4fef-987b-a58aa4437ea7	BBC World	After 16 years in power, could Viktor Orban finally be unseated?	Hungary is going to the polls in nine days - after 16 years in power, can Viktor Orban be unseated?	https://www.bbc.com/news/articles/czd7y1n3jyjo?at_medium=RSS&at_campaign=rss	8	medium	f9f5d60de31b8e1fc6b89286768cb56f9a454a4b8e59a66c1100d1ce456711c8	2026-04-03 23:04:24+00	2026-04-04 18:20:59.629586+00	geopolitics	\N	\N
7b622baf-8cb7-4f73-8b0d-7506f9c8ec44	BBC World	Australians told to continue Easter travel plans despite fuel shortages	Hundreds of petrol stations across Australia have run out of fuel as the Iran war disrupts global oil shipments and pushes up prices.	https://www.bbc.com/news/articles/c62l084kgk6o?at_medium=RSS&at_campaign=rss	5	low	d8eebe31a9e7e2a3cb2554f584436d18b9b10b5055cf883a0b1f25ba7626ed38	2026-04-04 12:10:10+00	2026-04-04 18:20:59.636551+00	geopolitics	\N	\N
81a965a7-f5b3-4b0e-828e-86f9f68f5223	BBC World	Football rally in Peru leaves one dead and dozens injured	Hundreds of Alianza Lima fans had gathered for a pregame rally ahead of a match against local rivals Universitario de Deportes.	https://www.bbc.com/news/articles/ckgxyn3ljgjo?at_medium=RSS&at_campaign=rss	5	low	79361b22e4dbad0724e046d2a8454fcbb046c145ff762651b5d1bdf29f5f2e8d	2026-04-04 06:34:56+00	2026-04-04 18:20:59.645638+00	geopolitics	\N	\N
00e49e8b-383d-403d-9779-9664ec516534	BBC World	Senegal bans ministers from foreign travel as oil price rise bites	The fuel cost is nearly double what the government budgeted for putting pressure on stretched finances.	https://www.bbc.com/news/articles/cp84z5r4d32o?at_medium=RSS&at_campaign=rss	8	medium	bb029862e1a2385614f205633216b549a98ee4eb6dc428c8827b805698fa8df7	2026-04-04 10:15:01+00	2026-04-04 18:20:59.653252+00	geopolitics	\N	\N
a55560d3-23e2-4645-8693-82c05b3f7446	BBC World	French-owned ship passes through Strait of Hormuz	It appears to be the first ship owned by a major European firm to go through the strait since the conflict began.	https://www.bbc.com/news/articles/cjd8275jrrko?at_medium=RSS&at_campaign=rss	5	low	e74a1d070c0455d1ed1197de17610f2d7af07748039e265c1bbddf2bcd3ac8d9	2026-04-03 17:45:46+00	2026-04-04 18:20:59.663349+00	geopolitics	\N	\N
e1fee155-9e1e-4548-ad4c-4fa94d097b5c	BBC World	Rapper Gucci Mane kidnapped and robbed by fellow artist, prosecutors say	Officials say the hip-hop star was forced to sign papers releasing a rapper known as Pooh Shiesty from his record contract.	https://www.bbc.com/news/articles/c937kezj03vo?at_medium=RSS&at_campaign=rss	5	low	5f2f5916059438d243cb3f131c52bcff59fe556cfa1f5f2bc89a866883fa7438	2026-04-03 16:54:35+00	2026-04-04 18:20:59.677874+00	geopolitics	\N	\N
07d39470-e6fb-4fd9-b541-72888ff8fa28	BBC World	Russia chose 'Easter escalation' over ceasefire, says Zelensky	Six civilians were killed and 40 others injured as Russia launched hundreds of drones and missiles.	https://www.bbc.com/news/articles/cew70wjvv9do?at_medium=RSS&at_campaign=rss	7	medium	ea9a0664096340735527ec97782545e6c51339c4cd7a86fc6ff75438d7858730	2026-04-04 08:34:00+00	2026-04-04 18:20:59.688235+00	geopolitics	\N	\N
7edcc8ce-fef3-4d4b-8406-92f0e2e7b45f	BBC World	Cuba begins releasing more than 2,000 prisoners as US pressure mounts	US President Trump has made clear his desire to change Cuba's leadership and has placed the country under an oil embargo. 	https://www.bbc.com/news/articles/cwy3r3w4zl8o?at_medium=RSS&at_campaign=rss	5	low	0a4fd7694f3701728380ee7afcc0e4e503d334822f699cecb5d9bd91384344c1	2026-04-03 20:59:48+00	2026-04-04 18:20:59.692721+00	geopolitics	\N	\N
8544d660-1522-4904-acd7-771da3ce3ac5	BBC World	Trump seeks $1.5tn for defence alongside domestic spending cuts	The US president's new budget would cut non-defence spending by 10%, partly by slashing domestic programmes.	https://www.bbc.com/news/articles/crr1q4kjvn2o?at_medium=RSS&at_campaign=rss	5	low	c9917a74e7b1b4a76492f8edf70d7f8d7fe7dd24e8baeebc361eab25fd34017e	2026-04-03 15:45:25+00	2026-04-04 18:20:59.697311+00	geopolitics	\N	\N
1c2599f6-e373-41f8-a228-31f0daca2308	BBC World	US deports eight people 'of African origin' to Uganda	The Uganda Law Society criticises the deportation, saying it was illegal and "dehumanising".	https://www.bbc.com/news/articles/c8ej43z8yw4o?at_medium=RSS&at_campaign=rss	5	low	7c9228cef24bdd44a30104ab91ca68a5eaea8721eddd0cb6209816cfe594d3f6	2026-04-03 16:22:45+00	2026-04-04 18:20:59.701611+00	geopolitics	\N	\N
d7186163-1c88-48d0-95a1-78f5efc784de	BBC World	France's Muslim gathering ban overturned by courts	The Paris police department had argued that the four-day gathering was a security threat because it could be a target of terrorism.	https://www.bbc.com/news/articles/cwyjekvwww0o?at_medium=RSS&at_campaign=rss	8	medium	8ea7765fb0825ed1995555a31740fe82dce8e8228d8f988d39657b2cc83a95f3	2026-04-03 12:20:28+00	2026-04-04 18:20:59.706801+00	geopolitics	\N	\N
7a135431-fe17-404c-a0c8-6dcb8f6a1760	BBC World	Burkina Faso must 'forget' about democracy, military leader says	Capt Ibrahim Traoré, who seized power in 2023, says democratic rule would not work for his country.	https://www.bbc.com/news/articles/cly0zp1xgz3o?at_medium=RSS&at_campaign=rss	5	low	be9bb4f90c7e12d95e13e4639613da13439d78b9e9eb1f54a8fc96d51af67722	2026-04-03 11:11:42+00	2026-04-04 18:20:59.715516+00	geopolitics	\N	\N
fd3de0a7-875b-441c-8363-8ff11acafddf	BBC World	Italy's Uffizi Galleries targeted in cyber-attack but deny security breach	Hackers were reported to have infiltrated IT systems - but the gallery says its works are safe.	https://www.bbc.com/news/articles/cy51wzeq6g5o?at_medium=RSS&at_campaign=rss	15	high	369b597286bef8e57c5c453e7ff041c14a24a28505578de1196e2db8edf55cf1	2026-04-03 15:04:39+00	2026-04-04 18:20:59.722522+00	geopolitics	\N	\N
ac243350-7613-4301-bcfa-a8d3dfbb2b96	BBC World	Pete Hegseth asks US Army's top general to step down	Gen Randy George was nominated for the role in 2023 by former President Joe Biden.	https://www.bbc.com/news/articles/cn8d63v058zo?at_medium=RSS&at_campaign=rss	5	low	66a340a472f846838f68c7834a16d6960e394c6a901a7d36708a124f3c231022	2026-04-03 13:03:57+00	2026-04-04 18:20:59.72878+00	geopolitics	\N	\N
b72e9f57-53b9-456d-8d0f-2469b7f8d04e	BBC World	Trump removes US Attorney General Pam Bondi	Bondi's time as top US law enforcement officer was overshadowed by her handling of the Epstein files.	https://www.bbc.com/news/articles/ce843ge47z4o?at_medium=RSS&at_campaign=rss	5	low	8443607544e0597375c922cd6ce54078c06382d3f83cf698a91ab120aa3cb7e4	2026-04-03 11:42:17+00	2026-04-04 18:20:59.735243+00	geopolitics	\N	\N
07ce6bdb-f2df-4087-a714-9d9f97f5eb27	BBC World	Rescue team in Iran face 'harrowing and dangerous' search for US crew member	A former US marine tells the BBC the priority of any recovery team would be to look for signs of life.	https://www.bbc.com/news/articles/c0le43jw8e9o?at_medium=RSS&at_campaign=rss	5	low	04806d9fbc3495f77bf8052c6b0db20f83f2004cfe9f5541168c8d3bcb2881a8	2026-04-04 10:41:38+00	2026-04-04 18:20:59.739955+00	geopolitics	\N	\N
6cddd783-2405-49b3-882d-2a19c1c9e34a	BBC World	Faced with new energy shock, Europe asks if reviving nuclear is the answer	As war drives up gas and fuel prices, Europeans turn again to the issue of energy independence. 	https://www.bbc.com/news/articles/c4g8k8vq8gno?at_medium=RSS&at_campaign=rss	5	low	99e83e6e0735827e6ac2729ada8698e522a6e89261dc5ff22f22cbce3c78cb5d	2026-04-03 23:14:04+00	2026-04-04 18:20:59.751764+00	geopolitics	\N	\N
53db556f-92dc-4750-9782-76b08e565409	BBC World	How Canada's largest gun control effort in decades is missing the mark	Canada recently banned 2,500 models of "assault-style" firearms - but a plan to buy-back tens of thousands of guns fell short by half.	https://www.bbc.com/news/articles/cvg09dq4x5qo?at_medium=RSS&at_campaign=rss	8	medium	1d504fe278c1d4a64666477924be18830220b60fdecb3462f7f50125c30d02af	2026-04-04 00:32:45+00	2026-04-04 18:20:59.757617+00	geopolitics	\N	\N
2a13f622-c2e0-4bdd-9c97-5cfb6dcf4568	BBC World	How Bombay went from a fort city to a bustling metropolis	A new exhibition charts Bombay's passage through the centuries via paintings, photographs and prints.	https://www.bbc.com/news/articles/cj60k3x879ro?at_medium=RSS&at_campaign=rss	5	low	9faa1b980822993e00b001626c90c8968a0fd811c60e401fe395d2d93cd7a5b0	2026-04-04 00:09:54+00	2026-04-04 18:20:59.76522+00	geopolitics	\N	\N
67dff631-5c28-4187-9849-c4ab986afe11	BBC World	'We want a voice in our land' - the people evicted to build Nigeria's capital	People evicted to build Nigeria's capital accuse the government of failing to fulfill its promises to them. 	https://www.bbc.com/news/articles/clyggr00x5vo?at_medium=RSS&at_campaign=rss	5	low	bc18a1129251c2148b07b7ccd77d70d39c7980f45b1b92a54b1868ba084284aa	2026-04-04 00:17:20+00	2026-04-04 18:20:59.77103+00	geopolitics	\N	\N
8784f8c3-43a9-4c55-b9bf-434ac0f9b810	BBC World	Unanswered questions remain after Australia's most wanted fugitive killed in standoff	Double-murderer Dezi Freeman evaded capture for seven months in the bush but police believe he had help.	https://www.bbc.com/news/articles/cg7358zzz0no?at_medium=RSS&at_campaign=rss	5	low	d9f35cdba8384a2cf9e5bac9e40582d33ae12087133d82fcf59ec103c80c664a	2026-04-03 19:19:02+00	2026-04-04 18:20:59.779415+00	geopolitics	\N	\N
904a524a-2108-44ec-84bc-2fae4f254877	BBC World	Experts dispute US account of deadly Iran sports hall strike in Lamerd	Six weapons experts have contested the US claim that video evidence suggests an Iranian missile could have hit the hall.	https://www.bbc.com/news/articles/c4gx8e1x5j3o?at_medium=RSS&at_campaign=rss	5	low	31f325f32304ba493c2bb1c3258b57f740e9f727df481ade4e81bd3361f97797	2026-04-03 13:16:33+00	2026-04-04 18:20:59.785693+00	geopolitics	\N	\N
0c3d63ec-ee88-4fc3-8bcf-eba6182e6065	BBC World	Arlo Parks: 'I got out of my head and into my body'	The singer-songwriter found herself on the dancefloor. On a new album, she asks us to join her.	https://www.bbc.com/news/articles/cq8wzkyxyyyo?at_medium=RSS&at_campaign=rss	5	low	8920d5ad069ced32b6d07a628cbba7408b1ab23c4b0fde94236f38a09936d0b1	2026-04-02 23:11:19+00	2026-04-04 18:20:59.789997+00	geopolitics	\N	\N
e2d417f5-dbac-429e-888e-ce0e483e1837	BBC World	'This has got me worried': Iranians fear what comes next after US strike on Karaj bridge	President Trump has warned Iran of strikes on bridges and electric power plants if its leaders do not agree to his terms to end the war.	https://www.bbc.com/news/articles/cp86mrj40e2o?at_medium=RSS&at_campaign=rss	5	low	9ec98fa8a38de1a4e0b1d4db39f8878ddb7dd2381a7bb2e595158df06e1c137f	2026-04-03 10:35:55+00	2026-04-04 18:20:59.798413+00	geopolitics	\N	\N
ebf54096-bebd-4dec-bda8-422cac5cf2f5	BBC World	When will the Iran war end? Tracing the Trump administration's timelines	Experts say many US presidents have offered a timeline for a conflict - only to then shift their estimates.\n	https://www.bbc.com/news/articles/c4g4e6z9960o?at_medium=RSS&at_campaign=rss	5	low	31a6233c868c6d90b806a41d233b06463d63a94808e375ac1aea84f3a365ba8b	2026-04-03 11:28:34+00	2026-04-04 18:20:59.804209+00	geopolitics	\N	\N
505b0734-ecf0-4871-b909-3c43dd5e6489	BBC World	Researchers spent years interviewing 160 Bigfoot hunters - this is what they learnt	There have been thousands of reported Bigfoot sightings since it rose to prominence in the 1960s.	https://www.bbc.com/news/articles/cvg58ydn4jpo?at_medium=RSS&at_campaign=rss	5	low	b7311be98862c3cdd739bb575fc38b6618df0ba5c0eeff1db26f9f288cb4f65f	2026-04-03 06:37:01+00	2026-04-04 18:20:59.808577+00	geopolitics	\N	\N
40259eb3-a331-4bae-bfd9-7e3dd0d4aa02	BBC World	Who is Christopher LaNeve, set to lead the US Army?	He will replace Randy George, who was asked to step down from his post by Defence Secretary Pete Hegseth.	https://www.bbc.com/news/articles/clye2e85dwjo?at_medium=RSS&at_campaign=rss	5	low	bc2779503e730572a295707a7d6c852119361a0ec0be603dc420994b444f37b1	2026-04-03 11:52:50+00	2026-04-04 18:20:59.812697+00	geopolitics	\N	\N
b98dee68-1341-48fe-a975-33144cbc00ee	BBC World	What we know so far about the search for missing US airman in Iran	US and Iranian forces are searching for a missing American crew member after a US warplane was shot down.	https://www.bbc.com/news/videos/c7vqlr5gqr0o?at_medium=RSS&at_campaign=rss	5	low	ddabc0df0e333587d2c2307971ba2d0a9fd4ed4120fef5dfb025c2f36ac715cb	2026-04-04 11:00:34+00	2026-04-04 18:20:59.819576+00	geopolitics	\N	\N
151b9309-c01d-4393-86e2-2728e39e8f5a	BBC World	Watch: Artemis II's journey so far as it leaves Earth orbit... in 85 seconds	The crew will not land on the Moon on this current mission, though Nasa is preparing for a potential lunar landing by 2028.	https://www.bbc.com/news/videos/cpqxn8zx8ydo?at_medium=RSS&at_campaign=rss	5	low	617d1b2abc66558128898324ea4b9eaf070b64ecc78fb775aba1ec315336b5d5	2026-04-03 13:06:18+00	2026-04-04 18:20:59.830257+00	geopolitics	\N	\N
e08b8cda-829e-41b3-aca6-d30a911b930f	BBC World	Watch: Artemis II astronauts speak from space	The crew on board the Artemis II spoke by video link, sharing messages for their families and experiences of the trip so far.	https://www.bbc.com/news/videos/crl10127elgo?at_medium=RSS&at_campaign=rss	5	low	a12fe3f0fbb7197501dd546c0c4e4ccce4cf607bc37ff06fd7fb1c6600f76e58	2026-04-03 07:07:48+00	2026-04-04 18:20:59.838598+00	geopolitics	\N	\N
959ffd96-a9ec-4053-9e86-caefb44b6673	BBC World	What to know about Acting Attorney General Todd Blanche	The former prosecutor has a long-standing relationship with President Trump, having represented him in the criminal hush-money case.	https://www.bbc.com/news/videos/c747w0zejzmo?at_medium=RSS&at_campaign=rss	5	low	320aa7bc3ce01946eda2e02424ade7e31fd17d97402de6149f9076d4b252a4b0	2026-04-02 21:44:16+00	2026-04-04 18:20:59.846014+00	geopolitics	\N	\N
ae99e0c6-2bb3-4b7f-9b09-3e9c0cf5767a	BBC Tech	Tech Now	Paul Carter checks out the newest phones, gadgets and trends from MWC Barcelona.	https://www.bbc.co.uk/iplayer/episode/m002sx4k?at_medium=RSS&at_campaign=rss	5	low	070361b0793d9d11bee55ab625d26558586e97a536c8617747db9bc303530cf2	2026-03-14 01:00:06+00	2026-04-04 18:20:59.929991+00	technology	\N	\N
b380e760-b43e-48d6-9ae8-1d9dce7fbc8c	BBC Tech	Power-washing, pool-cleaning and mowing: Why millions are playing games about mundane jobs	It's been nominated for two Bafta Games Awards - but why have mundane job games like PowerWash Simulator 2 become so popular?	https://www.bbc.com/news/articles/cj60r2kdnw1o?at_medium=RSS&at_campaign=rss	5	low	f32f62800a1d5fbb9abd74d5a0dc0e6e08ae0c03f5b6536fad2d4478196eac24	2026-04-04 00:03:41+00	2026-04-04 18:20:59.854277+00	technology	\N	\N
8ca2df45-ea62-4a2a-b580-0cc847782516	BBC Tech	Fewer UK adults posting on social media, Ofcom finds	Some experts believe it highlights a social media shift as platforms boost short video.	https://www.bbc.com/news/articles/cgqk718l4neo?at_medium=RSS&at_campaign=rss	5	low	2fa394550f015bcc3a6fd80de33a17d37bfb23efb748537ba653ee289024597f	2026-04-02 14:38:24+00	2026-04-04 18:20:59.859266+00	technology	\N	\N
2d3acede-a591-4b9c-9ee7-93cea5b06ff1	BBC Tech	Elon Musk's SpaceX set to be worth $1 trillion with planned public listing	The company’s public stock debut is set to be one of the most valuable in history, and could make Musk the world's first trillionaire.	https://www.bbc.com/news/articles/c2k35lg92dpo?at_medium=RSS&at_campaign=rss	7	medium	3d175aeca196c7faabd7ce04cc68163e98638bac1e6c6318bfe4b70b83b18b90	2026-04-02 07:05:05+00	2026-04-04 18:20:59.864104+00	technology	\N	\N
432218be-8897-482d-ac5c-6fe65b3cfd17	BBC Tech	Peppa Pig and Transformers owner Hasbro hit by cyber-attack	The firm says its operations remain open but says the hack "may result in some delays". 	https://www.bbc.com/news/articles/cx24e1nryn9o?at_medium=RSS&at_campaign=rss	10	high	f08ecee49e16d576e6565f1e258b166f64bb62644a5fe869af4b9512cb5ca1f5	2026-04-01 16:05:37+00	2026-04-04 18:20:59.867724+00	technology	\N	\N
13696d6c-5da5-4d45-8044-491e9478578a	BBC Tech	Claude Code users hitting usage limits 'way faster than expected'	Anthropic, the company behind the AI coding assistant, said it was fixing a problem blocking users.	https://www.bbc.com/news/articles/ce8l2q5yq51o?at_medium=RSS&at_campaign=rss	8	medium	452831ad2eb63259fe7c2bf29594c2ed8bad1ee273ccc589371cf27a175fd93b	2026-04-01 11:59:19+00	2026-04-04 18:20:59.871054+00	technology	\N	\N
a95e7565-ad23-47e4-a9d0-e13fd99ecbce	BBC Tech	Mass robotaxi malfunction halts traffic in Chinese city	Baidu has not responded to a request for comment about the outage, which affected at least 100 cars.	https://www.bbc.com/news/articles/cvge91r9j80o?at_medium=RSS&at_campaign=rss	10	high	3ede891688e80975492de0d6d83f4583f1663d8e12f34e0c9e7b0515f28b9534	2026-04-01 11:34:31+00	2026-04-04 18:20:59.873906+00	technology	\N	\N
31b3cd80-9942-4484-b739-4e0eacd0394d	BBC Tech	Thousands lose their jobs in deep cuts at tech giant Oracle	It is thought that thousands of people may have lost their jobs at Oracle, one of the world's largest tech companies.	https://www.bbc.com/news/articles/cm296jzzl9yo?at_medium=RSS&at_campaign=rss	5	low	fc82615a18ea8bcc8df9ca87f6e90bcdf8ffad194b2db94100262f7ffea89146	2026-04-01 07:09:46+00	2026-04-04 18:20:59.877154+00	technology	\N	\N
6441ca37-7404-4f47-865b-da18c1f2057e	BBC Tech	Social media firms must better enforce Australia under-16 ban, watchdog says	Regulator eSafety says it has concerns about how Facebook, Instagram, Snapchat, TikTok and YouTube are complying with the ban.	https://www.bbc.com/news/articles/cy4181pkxl2o?at_medium=RSS&at_campaign=rss	8	medium	bc79f8928dacbeadd07fdf8950276ac51d4c582182d31fcb79c32206dcf51546	2026-03-31 02:00:24+00	2026-04-04 18:20:59.880505+00	technology	\N	\N
eb7d035b-1e82-4ef9-b40f-305244d379cc	BBC Tech	Kris Jenner's image spreads in Chinese social media good luck trend	Hundreds of thousands of posts have been shared in the past three days as users hope for prosperity	https://www.bbc.com/news/articles/c0rx57zgz52o?at_medium=RSS&at_campaign=rss	5	low	9b02f7fea49ba10bdad2593726e23218da1b02695c02e91e1b82c6fe949781a1	2026-03-30 12:59:23+00	2026-04-04 18:20:59.883983+00	technology	\N	\N
d7e03f76-33a0-4b04-8196-c407474449be	BBC Tech	Tech CEOs suddenly love blaming AI for mass job cuts. Why?	More tech leaders are pointing to job cuts caused by AI tools - and a need for more investment cash.	https://www.bbc.com/news/articles/cde5y2x51y8o?at_medium=RSS&at_campaign=rss	5	low	9f4fc013222b7e0b7f0c6d25a94656160085a3bb65a24c19a8b10af1a014a451	2026-03-29 23:07:04+00	2026-04-04 18:20:59.887912+00	technology	\N	\N
a27b131d-e7ed-47dd-880b-3b62bbbd187a	BBC Tech	Why Chinese tech companies are racing to set up in Hong Kong	Mainland firms are using the territory to test products and as a springboard for global expansion.	https://www.bbc.com/news/articles/c8d5v404m96o?at_medium=RSS&at_campaign=rss	5	low	31ca8105f1124c5d5dcb826d8dc787fd4987d4e2a34961c336ad1cad6c013255	2026-03-29 23:07:12+00	2026-04-04 18:20:59.891168+00	technology	\N	\N
4de06a10-8730-4f2a-9f8a-060c5ba18019	BBC Tech	'We're having a moment' - fear and denial in Silicon Valley over social media addiction trial	The landmark decision in an LA court may go beyond immediate impacts on defendants Meta and YouTube.	https://www.bbc.com/news/articles/c86e3eglv2go?at_medium=RSS&at_campaign=rss	8	medium	db12dfcbe83f7b5a6ccb8a5341f3f0de8fc6b3c71381ea483c68486b9e46b0dd	2026-03-28 00:54:37+00	2026-04-04 18:20:59.896226+00	technology	\N	\N
bece4f95-25fb-4690-a57c-310141aa9d8c	BBC Tech	PS5 price hiked by £90 due to global 'pressures'	The changes will see the recommended retail price of the PS5 rise from £479.99 to £569.99 in the UK.\n\n	https://www.bbc.com/news/articles/czx9852nkexo?at_medium=RSS&at_campaign=rss	5	low	9035aa971bc7fae7d5f0aad891fa17f69631a10c6794eaba2235c511ce5b5c50	2026-03-27 16:07:08+00	2026-04-04 18:20:59.899342+00	technology	\N	\N
1df585d6-aa36-4a6b-ba2d-9a1d9bb354a6	BBC Tech	Tech Life	Attribution science is becoming an increasingly important tool in climate lawsuits.	https://www.bbc.co.uk/sounds/play/w3ct8jxn?at_medium=RSS&at_campaign=rss	5	low	ac393cf85da9704d988712a7312811cd8c0e3bc9d547e5cb3c93c7b37dc0decf	2026-03-31 20:00:00+00	2026-04-04 18:20:59.903276+00	technology	\N	\N
87767cbb-6741-4900-839e-13016e6ba9e3	BBC Tech	Tech Life	Humans are returning to the Moon - hear about it on the BBC’s space podcast, 13 Minutes	https://www.bbc.co.uk/sounds/play/p0n9gyct?at_medium=RSS&at_campaign=rss	5	low	f5fcdabde5b483aa884f87bb0e6b44360253e21a713efd2d82d078debb5dd159	2026-03-30 05:00:00+00	2026-04-04 18:20:59.907096+00	technology	\N	\N
4fe4ddb2-ed42-46b8-9e1d-9249342b9d52	BBC Tech	Tech Life	Artificial intelligence is already in use in many areas of healthcare.	https://www.bbc.co.uk/sounds/play/w3ct6zq9?at_medium=RSS&at_campaign=rss	5	low	3e6c0cfaaef3c879fde53cb74104bb451343524aed363d92f1cfe30f67266a82	2026-03-24 20:30:00+00	2026-04-04 18:20:59.913176+00	technology	\N	\N
c5642c9f-79bc-4b97-bd53-10f7a86f2023	BBC Tech	Tech Life	The effect of screen time on young children. Plus a listener tells us his AI voice story.	https://www.bbc.co.uk/sounds/play/w3ct6zq8?at_medium=RSS&at_campaign=rss	5	low	19c4176409730c25e35736b0ff86683ddc6666fc06b7d1367f7be3828ea153a4	2026-03-17 20:30:00+00	2026-04-04 18:20:59.917007+00	technology	\N	\N
1825e708-c17a-4051-a312-264e6184183d	BBC Tech	Tech Now	Shiona McCallum tours Blenheim Palace, exploring the tech aiding its restoration.	https://www.bbc.co.uk/iplayer/episode/m002tvm7?at_medium=RSS&at_campaign=rss	5	low	9220b2a43d6a37c4c7a6dab8a883923283b36b44debac55d1433ac594bff378b	2026-04-04 01:00:00+00	2026-04-04 18:20:59.920492+00	technology	\N	\N
e24f8dc8-ae8e-49fe-9baf-460287e0562f	BBC Tech	Tech Now	How research linking climate change and extreme weather events is being used in lawsuits.	https://www.bbc.co.uk/iplayer/episode/m002tkdv?at_medium=RSS&at_campaign=rss	5	low	2f03b4027cc6647df4b65db795b1183424355536da2fb33b13e387ca8cda8582	2026-03-28 01:00:09+00	2026-04-04 18:20:59.923811+00	technology	\N	\N
a364eda0-4ea5-4748-ac69-343885e6a1d1	BBC Tech	Tech Now	Alasdair Keane visits the underground insect farm turning food waste into animal feed.	https://www.bbc.co.uk/iplayer/episode/m002t71c?at_medium=RSS&at_campaign=rss	5	low	ce76fb91b841e126429c99802ef0358213d9cf226ddd75456fd4bbb4edca9dc7	2026-03-21 01:00:17+00	2026-04-04 18:20:59.926944+00	technology	\N	\N
250f237e-e7f7-4c5f-a387-2dfc58153fb0	Al Jazeera	LIVE: Atletico Madrid vs Barcelona – La Liga	Follow our live updates, including team news coverage, before our text commentary stream of Spanish top flight match.	https://www.aljazeera.com/sports/liveblog/2026/4/4/live-atletico-madrid-vs-barcelona-la-liga?traffic_source=rss	6	low	ea203e726d1a81547b51bd122612de0432d8f6f81ca6a13d156e7168daa1f7d1	2026-04-04 16:09:13+00	2026-04-04 18:20:59.932866+00	geopolitics	\N	\N
a0e06970-f446-4647-8ee9-096b955d3341	Al Jazeera	Iran says US, Israel belong in Stone Age after Tehran university strike	Iranian minister said the US and Israel are the ones that belong in the Stone Age after an attack on Tehran university. 	https://www.aljazeera.com/video/newsfeed/2026/4/4/iran-says-us-israel-belong-in-stone-age-after-tehran-university-strike?traffic_source=rss	9	medium	8e19962bb79a45c121c4245f914f43a657d0785e526b666d31a3f361f1f3a8ac	2026-04-04 15:49:30+00	2026-04-04 18:20:59.936533+00	geopolitics	\N	\N
7b808813-4a9d-4511-83f0-88fe8cba33d3	Al Jazeera	Three suspects ordered to stay in UK custody over Jewish charity attack	The Metropolitan Police said the three men were charged with arson after setting ambulances on fire.	https://www.aljazeera.com/news/2026/4/4/three-suspects-ordered-to-stay-in-uk-custody-over-jewish-charity-attack?traffic_source=rss	9	medium	909d115d5df72298de823f973ab4f1e2ff5e7b0d3bc65a69b1754d7ce81b3340	2026-04-04 15:19:01+00	2026-04-04 18:20:59.939745+00	geopolitics	\N	\N
979dbf85-4b6b-4945-bace-f76304b1952c	Al Jazeera	Witness records Israeli strike on building in Lebanon’s Tyre	Video captured the moment an Israeli strike targeted a building in Burj Shamali in Lebanon’s Tyre district.	https://www.aljazeera.com/video/newsfeed/2026/4/4/witness-records-israeli-strike-on-building-in-lebanons-tyre?traffic_source=rss	7	medium	f6de82bcbfb1cce971a88fbaf7692d70f28c9f3ec5f0ddb3526816bb2b5e6fd9	2026-04-04 15:15:39+00	2026-04-04 18:20:59.94658+00	geopolitics	\N	\N
d69eab14-cd05-4896-a1ef-7d57bc15be46	Al Jazeera	Israeli strikes damage hospital in Lebanon’s Tyre; ground invasion advances	At least 11 people are injured as Israel strikes near the Lebanese Italian Hospital in Tyre, damaging the facility.	https://www.aljazeera.com/news/2026/4/4/israeli-strikes-damage-hospital-in-lebanons-tyre?traffic_source=rss	7	medium	4aefa282a3c95472da769bb02bd716931952b5d54ed3c715a4c4c0d64f15feaa	2026-04-04 13:07:25+00	2026-04-04 18:20:59.950225+00	geopolitics	\N	\N
c41655cb-7235-4367-8797-33f8bb872130	Al Jazeera	Projectile hits near Iran’s Bushehr nuclear plant, killing one: IAEA	Tehran says it is the fourth attack near the nuclear plant amid the US-Israel war on Iran.	https://www.aljazeera.com/news/2026/4/4/iaea-says-projectile-hits-near-irans-bushehr-nuclear-plant-killing-one?traffic_source=rss	9	medium	8b2b59190e883cbcc96d4d92c85d6e76c651a6d580df8fd6e5ac3b99830889fe	2026-04-04 12:19:39+00	2026-04-04 18:20:59.957378+00	geopolitics	\N	\N
578a1c4f-d2a8-4b72-a44e-99cda25e2cc4	Al Jazeera	At least 15 killed in Russian attacks on Ukraine as Zelenskyy meets Erdogan	At least one person is killed in a Ukrainian attack on southern Russia&#039;s Rostov region.	https://www.aljazeera.com/news/2026/4/4/1997?traffic_source=rss	9	medium	d53197af15eb948089274bf7c7eaa09501008e645763d43293e741717a33d9a7	2026-04-04 10:20:36+00	2026-04-04 18:20:59.961372+00	geopolitics	\N	\N
535b437e-56ed-452e-9c10-1c091984ab25	Al Jazeera	Manchester City vs Liverpool 4-0: FA Cup quarterfinal – as it happened	All the updates as Man City book an FA Cup semifinal spot after dismantling Liverpool at the Etihad Stadium.	https://www.aljazeera.com/sports/liveblog/2026/4/4/live-manchester-city-vs-liverpool-fa-cup-quarterfinal?traffic_source=rss	6	low	a46b218bef4a278cdaf7d3093df6c5cd60f445f9595f916486e5266c1b399de2	2026-04-04 08:50:00+00	2026-04-04 18:20:59.964187+00	geopolitics	\N	\N
e9691851-bc3e-417b-b473-182c81186e67	Al Jazeera	Iran executes two convicted members of banned opposition group	Abolhassan Montazer and Vahid Baniamerian have been hanged after Iran&#039;s Supreme Court upheld their sentences.	https://www.aljazeera.com/news/2026/4/4/iran-executes-suspected-members-of-dissident-group-amid-us-israel-war?traffic_source=rss	7	medium	6e9f2332deba896bb01a112916623c4003a7de953442135619631d2e68146d84	2026-04-04 08:22:18+00	2026-04-04 18:20:59.968255+00	geopolitics	\N	\N
c02027b4-f4c0-4da2-9cf2-64ea84c5f23e	Al Jazeera	Iran war: What is happening on day 36 of US-Israeli attacks?	Iran claims responsibility for downing two US warplanes, as search under way for missing crewmember.	https://www.aljazeera.com/news/2026/4/4/iran-war-what-is-happening-on-day-36-of-us-israeli-attacks?traffic_source=rss	9	medium	19ec91cc8d20b578d58eb3f7d88b20a9a5abe60e0279582a2d4ba131a1fe6c8f	2026-04-04 03:51:08+00	2026-04-04 18:20:59.971818+00	geopolitics	\N	\N
a63affa9-bc5a-419a-9ad4-da0638523494	Al Jazeera	Iranian missile attack hits residential areas in central Israel	An Iranian missile attack has caused damage across residential areas in central Israel, according to Israeli media. 	https://www.aljazeera.com/video/newsfeed/2026/4/4/iranian-missile-attack-hits-residential-areas-in-central-israel?traffic_source=rss	9	medium	e667a0f1f69df97f21e780ab50b75a63429ba4ffd7f8d5e8e8334f1713273ddf	2026-04-04 02:53:18+00	2026-04-04 18:20:59.988942+00	geopolitics	\N	\N
981bc960-ec8d-43d3-a58c-8fb2e1a0ed7f	Al Jazeera	Iran war live: Trump issues Hormuz deadline, search for US airman continues	US and Israel attack Iran&#039;s civilian infrastructure as Trump issues 48-hour deadline on reopening the Strait of Hormuz.	https://www.aljazeera.com/news/liveblog/2026/4/4/iran-war-live-tehran-downs-2-us-warplanes-israel-bombs-lebanon-bridges?traffic_source=rss	9	medium	0707a4437488a374261f2f9b66645f2f7279da41c11edb6d96d3edb2a1776f66	2026-04-04 00:00:00+00	2026-04-04 18:20:59.994421+00	geopolitics	\N	\N
476cdf8c-fc6e-433b-8fc3-869e5223c8c0	Ars Technica	Trump proposes steep cut to NASA budget as astronauts head for the Moon	\n                            <p>President Donald Trump released a budget blueprint on Friday calling for a 23 percent cut to NASA's budget, two days after the agency launched four astronauts on the first crewed lunar mission in more than 50 years.</p>\n<p>The spending proposal for fiscal year 2027 is the opening salvo in a multi-month budget process. Both houses of Congress must pass their own appropriations bills, reconcile any differences between the two, and then send the final budget to the White House for President Trump's signature. Fiscal year 2027 begins on October 1.</p>\n<p>The White House requested a similar cut to NASA last year. The Republican-led <a href="https://arstechnica.com/space/2026/01/nasas-science-budget-wont-be-a-train-wreck-after-all/">Congress resoundingly rejected</a> the proposal and kept NASA's budget close to its level in the final year of the Biden administration. Like last year's budget, the proposal from the Trump administration will undergo major changes as Congress weighs in over the coming months.</p><p><a href="https://arstechnica.com/space/2026/04/trump-proposes-steep-cut-to-nasa-budget-as-astronauts-head-for-the-moon/">Read full article</a></p>\n<p><a href="https://arstechnica.com/space/2026/04/trump-proposes-steep-cut-to-nasa-budget-as-astronauts-head-for-the-moon/#comments">Comments</a></p>\n\n                        	https://arstechnica.com/space/2026/04/trump-proposes-steep-cut-to-nasa-budget-as-astronauts-head-for-the-moon/	8	medium	d50f9262f33412a349322480a8b97f63116df41f9c6001ce52c93f7573d33e3f	2026-04-03 23:19:36+00	2026-04-04 18:20:59.997376+00	technology	\N	\N
dae34ba5-35c2-4f6b-9f60-8e3d3b77f2be	TechCrunch	The final days of the Tesla Model X and S are here. All bets are on the Cybercab.	It's a new era for Tesla — and one that will rely on its ability to launch the Cybercab and mass-produce the Optimus robot. 	https://techcrunch.com/2026/04/03/the-final-days-of-the-tesla-model-x-and-s-are-here-all-bets-are-on-the-cybercab/	7	medium	108fe0ac42c8d9db611db0bb432795a35c7cbdc1679b9448f48a020cf4d50d19	2026-04-03 16:48:09+00	2026-04-04 18:21:00.12774+00	technology	\N	\N
4e1c80f1-3143-4b10-94ee-c48dd001e93b	Ars Technica	Elon Musk insists banks working on SpaceX IPO must buy Grok subscriptions	\n                            <p>Banks and other firms that want to work on SpaceX's initial public offering (IPO) are being required to buy subscriptions to the Grok AI service, The New York Times <a href="https://www.nytimes.com/2026/04/03/business/spacex-ipo-grok-elon-musk.html">reported today</a>.</p>\n<p>Elon Musk "is requiring banks, law firms, auditors and other advisers working on the IPO to buy subscriptions to Grok, his artificial intelligence chatbot that is part of SpaceX," the NYT wrote, citing anonymous sources who are familiar with the confidential negotiations. "Some of the banks have agreed to spend tens of millions on the chatbot and they have already started integrating Grok into their IT systems."</p>\n<p>SpaceX reportedly <a href="https://arstechnica.com/space/2026/04/spacex-finally-files-for-ipo-targets-1-75-trillion-valuation/">filed IPO paperwork</a> with the Securities and Exchange Commission this week. The IPO filing came two months after <a href="https://arstechnica.com/ai/2026/02/spacex-acquires-xai-plans-1-million-satellite-constellation-to-power-it/">SpaceX purchased xAI</a>, the Musk company that produces Grok. xAI purchased the X social network in March 2025.</p><p><a href="https://arstechnica.com/tech-policy/2026/04/elon-musk-insists-banks-working-on-spacex-ipo-must-buy-grok-subscriptions/">Read full article</a></p>\n<p><a href="https://arstechnica.com/tech-policy/2026/04/elon-musk-insists-banks-working-on-spacex-ipo-must-buy-grok-subscriptions/#comments">Comments</a></p>\n\n                        	https://arstechnica.com/tech-policy/2026/04/elon-musk-insists-banks-working-on-spacex-ipo-must-buy-grok-subscriptions/	9	medium	1e0bb3dc3c1d079da3385a34243405a633c1faae8bb402fa53542be351775448	2026-04-03 21:17:01+00	2026-04-04 18:21:00.000529+00	technology	\N	\N
a79eef46-eb31-49ef-8999-2ca1b8c120d2	Ars Technica	"Cognitive surrender" leads AI users to abandon logical thinking, research finds	\n                            <p>When it comes to large language model-powered tools, there are generally two broad categories of users. On one side are those who treat AI as a powerful but sometimes faulty service that needs careful human oversight and review to detect reasoning or factual flaws in responses. On the other side are those who routinely outsource their critical thinking to what they see as an all-knowing machine.</p>\n<p>Recent research goes a long way to forming a new psychological framework for that second group, which regularly engages in "cognitive surrender" to AI's seemingly authoritative answers. That research also provides some experimental examination of when and why people are willing to outsource their critical thinking to AI, and how factors like time pressure and external incentives can affect that decision.</p>\n<h2>Just ask the answer machine</h2>\n<p>In <a href="https://papers.ssrn.com/sol3/papers.cfm?abstract_id=6097646">"Thinking—Fast, Slow, and Artificial: How AI is Reshaping Human Reasoning and the Rise of Cognitive Surrender,"</a> researchers from the University of Pennsylvania sought to build on existing scholarship that outlines two broad categories of decision-making: one shaped by "fast, intuitive, and affective processing" (System 1); and one shaped by "slow, deliberative, and analytical reasoning" (System 2). The onset of AI systems, the researchers argue, has created a new, third category of "artificial cognition" in which decisions are driven by "external, automated, data-driven reasoning originating from algorithmic systems rather than the human mind."</p><p><a href="https://arstechnica.com/ai/2026/04/research-finds-ai-users-scarily-willing-to-surrender-their-cognition-to-llms/">Read full article</a></p>\n<p><a href="https://arstechnica.com/ai/2026/04/research-finds-ai-users-scarily-willing-to-surrender-their-cognition-to-llms/#comments">Comments</a></p>\n\n                        	https://arstechnica.com/ai/2026/04/research-finds-ai-users-scarily-willing-to-surrender-their-cognition-to-llms/	7	medium	6513e3814ac1e41b8854a439a3420736a2a789be22a15351d25dc95bbb211f52	2026-04-03 21:06:15+00	2026-04-04 18:21:00.003549+00	technology	\N	\N
42312b13-485d-414e-a814-2437fd1a69db	Ars Technica	OpenClaw gives users yet another reason to be freaked out about security	\n                            <p>For more than a month, security practitioners have been warning about the perils of using OpenClaw, the viral AI agentic tool that has taken the development community by storm. A recently fixed vulnerability provides an object lesson for why.</p>\n<p>OpenClaw, which was introduced in November and now boasts <a href="https://github.com/openclaw/openclaw">347,000 stars</a> on Github, by design takes control of a user’s computer and interacts with other apps and platforms to assist with a host of tasks, including organizing files, doing research, and shopping online. To be useful, it needs access—and lots of it—to as many resources as possible. Telegram, Discord, Slack, local and shared network files, accounts, and logged in sessions are only some of the intended resources. Once the access is given, OpenClaw is designed to act precisely as the user would, with the same broad permissions and capabilities.</p>\n<h2>Severe impact</h2>\n<p>Earlier this week, OpenClaw developers released security patches for three high-severity vulnerabilities. The severity rating of one in particular, <a href="https://www.cvedetails.com/cve/CVE-2026-33579/">CVE-2026-33579</a>, is rated from 8.1 to 9.8 out of a possible 10 depending on the metric used—and for good reason. It allows anyone with pairing privileges (the lowest-level permission) to gain administrative status. With that, the attacker has control of whatever resources the OpenClaw instance does.</p><p><a href="https://arstechnica.com/security/2026/04/heres-why-its-prudent-for-openclaw-users-to-assume-compromise/">Read full article</a></p>\n<p><a href="https://arstechnica.com/security/2026/04/heres-why-its-prudent-for-openclaw-users-to-assume-compromise/#comments">Comments</a></p>\n\n                        	https://arstechnica.com/security/2026/04/heres-why-its-prudent-for-openclaw-users-to-assume-compromise/	16	high	6e52555076806aa1cea3d5bf672fb63c055ebed526086f8bd1cf86058f738d49	2026-04-03 20:30:15+00	2026-04-04 18:21:00.006633+00	technology	\N	\N
561c6983-cf31-4583-b784-85d263d58eb9	Ars Technica	Netflix must refund customers for years of price hikes, Italian court rules	\n                            <p>A Rome court has ruled that the price hikes Netflix imposed on subscribers in Italy in 2017, 2019, 2021, and 2024 were unlawful. The court ordered Netflix to refund affected customers by up to 500 euros (about $576), depending on their plan.</p>\n<p>The lawsuit was brought by Italian consumer advocacy group Movimento Consumatori, which alleged that the price hikes violate the Consumer Code, Italian legislation that aims to protect consumer rights. The Consumer Code <a href="https://www.normattiva.it/esporta/attoCompleto?atto.dataPubblicazioneGazzetta=2005-10-08&amp;atto.codiceRedazionale=005G0232">says</a> it's unlawful for a “professional to unilaterally modify the clauses of the contract, or the characteristics of the product or service to be provided, without a justified reason indicated in the contract itself,” according to a Google-provided translation.</p>\n<p>The court’s April 1 ruling determined that Netflix's contracts were required to explain in advance why prices or other terms might change in the future.</p><p><a href="https://arstechnica.com/gadgets/2026/04/netflix-ordered-to-refund-subscribers-up-to-e500-for-unlawful-price-hikes/">Read full article</a></p>\n<p><a href="https://arstechnica.com/gadgets/2026/04/netflix-ordered-to-refund-subscribers-up-to-e500-for-unlawful-price-hikes/#comments">Comments</a></p>\n\n                        	https://arstechnica.com/gadgets/2026/04/netflix-ordered-to-refund-subscribers-up-to-e500-for-unlawful-price-hikes/	7	medium	5b6de922fc55e6bf3d1ed33ca4fc803fc7348bf27dd8fc69aa50b7502a6390e0	2026-04-03 17:41:51+00	2026-04-04 18:21:00.010233+00	technology	\N	\N
0149614b-2da7-482a-8647-30352953e799	TechCrunch	Europe’s cyber agency blames hacking gangs for massive data breach and leak	CERT-EU blamed the cybercrime group TeamPCP for the recent hack on the European Commission, and said the notorious ShinyHunters gang was responsible for leaking the stolen data online.	https://techcrunch.com/2026/04/03/europes-cyber-agency-blames-hacking-gangs-for-massive-data-breach-and-leak/	11	high	e140ca57d91369cfa73d9dbe679931188052636a70ffafd7b3bce303ff97dc97	2026-04-03 15:50:43+00	2026-04-04 18:21:00.134313+00	technology	\N	\N
216f103b-bdc8-4dfe-a89c-da4ec0fd0fe9	Ars Technica	OpenAI takes on another "side quest," buys tech-focused talk show TBPN	\n                            <p>OpenAI has struck a deal to acquire TBPN, a technology-focused talk show popular in Silicon Valley, making an unexpected move into broadcasting after pledging to abandon “side quests” and focus on its core business.</p>\n<p>The ChatGPT maker had purchased the 11-person company in a “low hundreds of millions of dollars” deal, according to a person with knowledge of the terms.</p>\n<p>TBPN, or Technology Business Programming Network, has acquired a devoted following among start-up founders and their investors since its launch in October 2024.</p><p><a href="https://arstechnica.com/ai/2026/04/openai-takes-on-another-side-quest-buys-tech-focused-talk-show-tbpn/">Read full article</a></p>\n<p><a href="https://arstechnica.com/ai/2026/04/openai-takes-on-another-side-quest-buys-tech-focused-talk-show-tbpn/#comments">Comments</a></p>\n\n                        	https://arstechnica.com/ai/2026/04/openai-takes-on-another-side-quest-buys-tech-focused-talk-show-tbpn/	12	high	27b93f3f69b12710dc1dc4f743e9f7fff26259e466b19acd0816336c33cad2d7	2026-04-03 13:35:13+00	2026-04-04 18:21:00.014202+00	technology	\N	\N
60969431-c8d8-4f26-95d3-b20fd911a137	Ars Technica	Four astronauts are now inexorably bound for the Moon	\n                            <p>The Orion spacecraft successfully fired its main engine for 5 minutes and 50 seconds on Thursday, sending four astronauts on a free-return trajectory around the Moon. For NASA and the Artemis II crew members, this marked a point of no return for more than a week.</p>\n<p>About three-quarters of the American population has not witnessed humans leaving low-Earth orbit in their lifetimes. The last time this occurred was 1972, with the final Apollo Moon mission.</p>\n<p>The “translunar injection” burn of Orion’s main engine occurred about one day after the successful launch of the mission on NASA’s Space Launch System rocket from Kennedy Space Center on Wednesday. This burn was the last major firing of Orion’s main engine and sets the crew on a course to fly around the Moon on Monday, slingshot back toward Earth under lunar gravity, and splash down in the Pacific Ocean on Friday, April 10.</p><p><a href="https://arstechnica.com/space/2026/04/four-astronauts-are-now-inexorably-bound-for-the-moon/">Read full article</a></p>\n<p><a href="https://arstechnica.com/space/2026/04/four-astronauts-are-now-inexorably-bound-for-the-moon/#comments">Comments</a></p>\n\n                        	https://arstechnica.com/space/2026/04/four-astronauts-are-now-inexorably-bound-for-the-moon/	6	low	e5655dc5622f8ffb005fa1972f715f800c8d77ffb609d377b26b8bc83c443d9c	2026-04-03 02:17:37+00	2026-04-04 18:21:00.019773+00	technology	\N	\N
92f079d8-0e77-428a-a67c-7f515dacd648	Ars Technica	Perplexity's "Incognito Mode" is a "sham," lawsuit says	\n                            <p>Perplexity's AI search engine encourages users to go deeper with their prompts by engaging in chat sessions that a <a href="https://cdn.arstechnica.net/wp-content/uploads/2026/04/Doe-v-Perplexity-Complaint-3-31-26.pdf">lawsuit</a> has alleged are often shared in their entirety with Google and Meta without users' knowledge or consent.</p>\n<p>"This happened to every user regardless of whether or not they signed up for a Perplexity account," the lawsuit alleged, while stressing that "enormous volumes of sensitive information from both subscribed and non-subscribed users" are shared.</p>\n<p>Using developer tools, the lawsuit found that opening prompts are always shared, as are any follow-up questions the search engine asks that a user clicks on. Privacy concerns are seemingly worse for non-subscribed users, the complaint alleged. Their initial prompts are shared with "a URL through which the entire conversation may be accessed by third parties like Meta and Google."</p><p><a href="https://arstechnica.com/tech-policy/2026/04/perplexitys-incognito-mode-is-a-sham-lawsuit-says/">Read full article</a></p>\n<p><a href="https://arstechnica.com/tech-policy/2026/04/perplexitys-incognito-mode-is-a-sham-lawsuit-says/#comments">Comments</a></p>\n\n                        	https://arstechnica.com/tech-policy/2026/04/perplexitys-incognito-mode-is-a-sham-lawsuit-says/	10	high	f7edd3def011751bab8eb514cc3ea76acfc8c624734351ecc2239e012e1b656c	2026-04-02 20:54:02+00	2026-04-04 18:21:00.023502+00	technology	\N	\N
f5f87bd9-3682-4ca3-98d8-b83b34da4240	Ars Technica	SpaceX tries to convince FCC that Amazon put satellites into wrong altitude	\n                            <p>Starlink operator SpaceX claims that Amazon violated orbital debris requirements by launching satellites into initial altitudes that are too high, increasing the risk of collision with other satellites and spacecraft. SpaceX, which recently <a href="https://arstechnica.com/tech-policy/2026/03/starlink-satellite-breaks-apart-into-tens-of-objects-spacex-confirms-anomaly/">reported two Starlink satellite failures</a> that created new space debris, yesterday accused Amazon and its launch partner Arianespace of negligence that "needlessly and significantly increases risk to other operational systems and inhabited spacecraft."</p>\n<p>Amazon Leo, formerly known as Kuiper Systems, is launching satellites into low-Earth orbits (LEO) to compete against Starlink's much larger constellation of broadband satellites. Amazon denied that its launch altitudes violate any requirements or impose a safety risk and said SpaceX itself helped Amazon launch satellites into a similar altitude last year when Amazon used SpaceX as a launch partner.</p>\n<p>SpaceX only objected to the launch parameters after moving its Starlink satellites into nearby altitudes, Amazon said. Changing the altitude of a recent Leo launch would have delayed it by months, according to Amazon. Both Amazon and SpaceX have accused each other of using Federal Communications Commission proceedings to <a href="https://arstechnica.com/tech-policy/2021/09/amazon-slams-spacex-tells-fcc-that-musk-led-companies-are-rule-breakers/">delay the other's satellite launches</a> at various times over the years.</p><p><a href="https://arstechnica.com/tech-policy/2026/04/spacex-claims-amazon-leo-launches-could-crash-into-starlink-satellites/">Read full article</a></p>\n<p><a href="https://arstechnica.com/tech-policy/2026/04/spacex-claims-amazon-leo-launches-could-crash-into-starlink-satellites/#comments">Comments</a></p>\n\n                        	https://arstechnica.com/tech-policy/2026/04/spacex-claims-amazon-leo-launches-could-crash-into-starlink-satellites/	14	high	86773ae785ee6a4f51729a33c1d9bf06a4820687079b8e3e2c0389b146cb2bcf	2026-04-02 20:32:05+00	2026-04-04 18:21:00.027012+00	technology	\N	\N
4280e217-7544-4a55-9e6f-019e274e048a	Ars Technica	Google Vids gets AI upgrade with Veo and Lyria models, directable AI avatars	\n                            <p>OpenAI might be <a href="https://arstechnica.com/ai/2026/03/openai-plans-to-shut-down-sora-just-15-months-after-its-launch/">pulling back</a> on video generation, but Google is forging ahead with a <a href="https://blog.google/products-and-platforms/products/workspace/google-vids-updates-lyria-veo/">major AI update</a> to its Vids editing product. The company's latest video and audio models are now integrated with the tool, and you can choose from various controllable avatars to appear in generated videos. Your creations are also easier to share on YouTube now.</p>\n<p>Veo 3.1 is the biggest part of the Vids upgrade. Google first deployed this updated model in Gemini <a href="https://arstechnica.com/google/2025/10/googles-ai-videos-get-a-big-upgrade-with-veo-3-1/">late last year</a>, promising a substantial improvement in realism and consistency. While Google has pitched Veo as a tool for filmmakers, that's not how it positions Vids. Google suggests using the AI tools in Vids to create animated party flyers, business sizzle reels, or a video greeting card. You can use Vids for free, but you won't be able to generate very many videos without an AI subscription.</p>\n<div class="ars-video"><div class="relative" allow="fullscreen" loading="lazy" src="https://www.youtube.com/embed/oPhFN-NXwDE?start=0&amp;wmode=transparent"></div><div class="caption font-impact dusk:text-gray-300 mb-4 mt-2 inline-flex flex-row items-stretch gap-1 text-base leading-tight text-gray-400 dark:text-gray-300">\n    <div class="caption-icon bg-[left_top_5px] w-[10px] shrink-0"></div>\n    <div class="caption-content">\n      Google Vids: Generate Videos with Veo 3.1.\n\n          </div>\n  </div>\n</div>\n<p>If you're not paying for any AI access on your account, you only get 10 video generations per month. AI Pro subscribers can get 50 videos, and those paying for Google's spendy AI Ultra plan (either personal or enterprise) get 1,000 videos per month. Like most other Veo	https://arstechnica.com/ai/2026/04/google-vids-gets-ai-upgrade-with-veo-and-lyria-models-directable-ai-avatars/	14	high	04599ef86d2cf0246eb8418a669427d746824c02bcc34d15ca20f0e755dea59a	2026-04-02 19:58:37+00	2026-04-04 18:21:00.030224+00	technology	\N	\N
3e20de4b-f838-4cce-8fb7-1a6c5da325dc	Ars Technica	New fossil deposits show complex animal groups predating the Cambrian	\n                            <p>The details of how animal life began are a bit murky. Most of the groups familiar today are present in the Cambrian, a period when they rapidly diversified, with familiar features evolving alongside bizarre creatures with no obvious modern equivalents. There are hints that some forms of present animal life predated the Cambrian. But most of the organisms we've found in Ediacaran deposits have no obvious relationship to anything we're familiar with.</p>\n<p>The complete absence of these creatures in later strata suggests they might have vanished in <a href="https://en.wikipedia.org/wiki/End-Ediacaran_extinction">a mass-extinction event</a> that cleared the way for the explosion of Cambrian species. But a new series of fossils found at a site in China includes examples of groups that flourished in the Cambrian living side by side with a few Ediacaran species. The deposits suggest that there might have been a gradual shift into the Cambrian.</p>\n<h2>Ediacaran and more</h2>\n<p>The newly described fossils, described by a team from Yunnan University and Oxford University, come from just south of Kunming, near Fuxian Lake. The rocks they're in are part of the larger Dengying Formation, within a segment known to include Edicaran deposits, which ranged from 635 to 540 million years ago. They come from close to the end of the period, only about 7 million years before the first clearly Cambrian deposits.</p><p><a href="https://arstechnica.com/science/2026/04/new-fossil-deposits-show-complex-animal-groups-predating-the-cambrian/">Read full article</a></p>\n<p><a href="https://arstechnica.com/science/2026/04/new-fossil-deposits-show-complex-animal-groups-predating-the-cambrian/#comments">Comments</a></p>\n\n                        	https://arstechnica.com/science/2026/04/new-fossil-deposits-show-complex-animal-groups-predating-the-cambrian/	9	medium	9dbfa057479d4b168034e3f22c8db08220c9252432c82ba86a973223bd03b671	2026-04-02 18:00:58+00	2026-04-04 18:21:00.034052+00	technology	\N	\N
ae08cd75-f074-4c71-bb5d-9f392941cf09	Ars Technica	New Rowhammer attacks give complete control of machines running Nvidia GPUs	\n                            <p>The cost of high-performance GPUs, typically $8,000 or more, means they are frequently shared among dozens of users in cloud environments. Three new attacks demonstrate how a malicious user can gain full root control of a host machine by performing novel Rowhammer attacks on high-performance GPU cards made by Nvidia.</p>\n<p>The attacks exploit memory hardware’s increasing susceptibility to bit flips, in which 0s stored in memory switch to 1s and vice versa. In <a href="https://users.ece.cmu.edu/~yoonguk/papers/kim-isca14.pdf">2014</a>, researchers first demonstrated that repeated, rapid access—or “hammering”—of memory hardware known as <a href="https://en.wikipedia.org/wiki/Dynamic_random-access_memory">DRAM</a> creates electrical disturbances that flip bits. A <a href="https://arstechnica.com/information-technology/2015/03/cutting-edge-hack-gives-super-user-status-by-exploiting-dram-weakness/">year later</a>, a different research team showed that by targeting specific DRAM rows storing sensitive data, an attacker could exploit the phenomenon to escalate an unprivileged user to root or evade security sandbox protections. Both attacks targeted DDR3 generations of DRAM.</p>\n<h2>From CPU to GPU: Rowhammer's decade-long journey</h2>\n<p>Over the past decade, dozens of newer Rowhammer attacks have evolved to, among other things:</p><p><a href="https://arstechnica.com/security/2026/04/new-rowhammer-attacks-give-complete-control-of-machines-running-nvidia-gpus/">Read full article</a></p>\n<p><a href="https://arstechnica.com/security/2026/04/new-rowhammer-attacks-give-complete-control-of-machines-running-nvidia-gpus/#comments">Comments</a></p>\n\n                        	https://arstechnica.com/security/2026/04/new-rowhammer-attacks-give-complete-control-of-machines-running-nvidia-gpus/	20	high	6a407e8e35ed609c84c4c813a58b31473bed332a8fe4f7e0ccc919fb88332b79	2026-04-02 17:00:11+00	2026-04-04 18:21:00.03697+00	technology	\N	\N
967acb40-a433-4460-a4be-59e9984e6983	Ars Technica	Renewables dominate 2025's newly installed generating capacity	\n                            <p>On Wednesday, the International Renewable Energy Agency (IRENA) released its numbers on what was built in 2025. And much as <a href="https://arstechnica.com/science/2026/02/final-2025-data-is-in-us-energy-use-is-up-as-solar-passes-hydro/">we saw in the US</a>, solar power is the primary driver of change. The numbers show that the world installed an average of 1.4 gigawatts of solar capacity every day last year, for a total of 511 GW. That brings the total solar capacity up to 2.4 Terawatts, making it the largest single source of renewable capacity by far, at more than a Terawatt above either wind or hydro.</p>\n<p>Obviously, the actual power generated will be less than the rated capacity. And because solar panels have become so cheap, the economics now favor installing panels in areas that get far less sunlight—places in which photovoltaics would have been a questionable decision just five years earlier. So we're likely to see the energy produced for each unit of capacity (termed the capacity factor) decline over the coming years.</p>\n<p>How much of a factor is that? 2025's power-generation numbers are not yet available, but <a href="https://www.iea.org/data-and-statistics/charts/global-electricity-generation-by-source-2024">data from 2024</a> shows photovoltaics generating 7 percent of the world's power, with wind at 8 percent and nuclear at 9. That's despite having 1.9 times as much solar capacity as wind capacity. Still, despite the lower capacity factor, solar is catching up fast. As these numbers don't include concentrated solar power or last year's data, it's possible that solar has already become the second-largest source of carbon-free electricity (after hydropower). If not, we're certain to see that happen before the decade is out.</p><p><a href="https://arstechnica.com/science/2026/04/globally-86-percent-of-the-new-generating-capacity-was-renewable-in-2025/">Read full article</a></p>\n<p><a href="https://arstechnica.com/scienc	https://arstechnica.com/science/2026/04/globally-86-percent-of-the-new-generating-capacity-was-renewable-in-2025/	6	low	99f814692fb08a9327791288ef1bfdf9dca7456062aa96d5bfa74869d610e120	2026-04-02 17:00:03+00	2026-04-04 18:21:00.040208+00	technology	\N	\N
fde262ca-044c-4a19-9cb4-d9a4b27c253d	Ars Technica	Google announces Gemma 4 open AI models, switches to Apache 2.0 license	\n                            <p>Google's Gemini AI models have improved by leaps and bounds over the past year, but you can only use Gemini on Google's terms. The company's Gemma open-weight models have provided more freedom, but Gemma 3, which launched <a href="https://arstechnica.com/gadgets/2025/03/googles-new-gemma-3-ai-model-is-optimized-to-run-on-a-single-gpu/">over a year ago</a>, is getting a bit long in the tooth. Starting today, developers can start working with <a href="https://blog.google/innovation-and-ai/technology/developers-tools/gemma-4/">Gemma 4</a>, which comes in four sizes optimized for local usage. Google has also acknowledged developer frustrations with AI licensing, so it's dumping the custom Gemma license.</p>\n<p>Like past versions of its open-weight models, Google has designed Gemma 4 to be usable on local machines. That can mean plenty of things, of course. The two large Gemma variants, 26B Mixture of Experts and 31B Dense, are designed to run unquantized in bfloat16 format on a single 80GB Nvidia H100 GPU. Granted, that's a $20,000 AI accelerator, but it's still local hardware. If quantized to run at lower precision, these big models will fit on consumer GPUs.</p>\n<p>Google also claims it has focused on reducing latency to really take advantage of Gemma's local processing. The 26B Mixture of Experts model activates only 3.8 billion of its 26 billion parameters in inference mode, giving it much higher tokens-per-second than similarly sized models. Meanwhile, 31B Dense is more about quality than speed, but Google expects developers to fine-tune it for specific uses.</p><p><a href="https://arstechnica.com/ai/2026/04/google-announces-gemma-4-open-ai-models-switches-to-apache-2-0-license/">Read full article</a></p>\n<p><a href="https://arstechnica.com/ai/2026/04/google-announces-gemma-4-open-ai-models-switches-to-apache-2-0-license/#comments">Comments</a></p>\n\n                        	https://arstechnica.com/ai/2026/04/google-announces-gemma-4-open-ai-models-switches-to-apache-2-0-license/	12	high	1647efc12741191b5ae7eb9c492e7a1aaed10e6926d626abd2eab373784570dc	2026-04-02 16:01:33+00	2026-04-04 18:21:00.043335+00	technology	\N	\N
d51f64f5-b875-4f03-bba3-0b93d6cdc2e3	The Verge	Buy two Nintendo Switch games, get $30 off at Target	\n\t\t\t\t\t\t\t\t\t\t\t\n\n\t\t\t\t\t\t\n<figure>\n\n<img alt="Screenshot from Donkey Kong Bananza featuring Donkey Kong punching rocks with a young Pauline hanging off his shoulder." data-caption="This ain’t gonna buff out." data-portal-copyright="" data-has-syndication-rights="1" src="https://platform.theverge.com/wp-content/uploads/sites/2/2025/07/NS2_DonkeyKongBananza_SCRN_25.jpg?quality=90&#038;strip=all&#038;crop=0,0,100,100" />\n\t<figcaption>\n\tThis ain’t gonna buff out.\t</figcaption>\n</figure>\n<p class="has-text-align-none"><a href="https://www.target.com/pl/621839817">Target</a> is offering a great deal to some Target Circle members that <strong>knocks $30 off the cost of two Nintendo Switch and Switch 2 games</strong>. The sale is happening for the rest of the day, expiring at 2:59AM ET on April 5th. If you sign in with the free-to-join membership, you might be able to add two eligible games to your cart, then watch the prices fall at checkout. </p>\n\n<p class="has-text-align-none">There are 224 eligible games (some physical, some digital), and many of Nintendo’s biggest hits from the past year and beyond are here, including Switch 2-exclusive games like <em>Donkey Kong Bananza</em>, <em>Kirby Air Riders</em>, <em>Mario Kart World</em>, <em>Mario Tennis Fever</em>, and more (I didn’t see <em><a href="https://www.theverge.com/games/885431/pokemon-pokopia-review">Pokémon Pokopia</a></em> in the list, though).</p>\n\n<div class="product-block"><h3>Donkey Kong Bananza</h3>\n<figure class="product-image"><img width="300" height="300" src="https://platform.theverge.com/wp-content/uploads/sites/2/2025/10/Donkey-Kong-Bananza-1.jpg?w=300" class="attachment-medium size-medium" alt="Donkey Kong Bananza&#039;s case on a plain white background." /></figure>\n<h3>Where to Buy:</h3><ul><li><a href="https://www.amazon.com/Donkey-Kong-Bananza-Nintendo-Switch-2/dp/B0F66KLYVH"> $69 at <strong>Amazon</strong></a></li><li><a href="https://www.target.com/p/donkey-kong-bananza-nintendo-switch-2/-/A-94694203	https://www.theverge.com/gadgets/906843/nintendo-switch-2-game-sale-target-circle-deal	9	medium	ea423eaf7f501c6301ee3a31cbce50f441c8f2d4cc762a4657441f4e46de23b6	2026-04-04 15:00:00+00	2026-04-04 18:21:00.04755+00	technology	\N	\N
32eaeb10-484b-4b1d-960c-76845c52fc90	The Verge	My dream pair of AR gaming glasses needs to have these nine features	\n\t\t\t\t\t\t\t\t\t\t\t\n\n\t\t\t\t\t\t\n<figure>\n\n<img alt="An image of the author wearing a pair of Xreal 1S AR glasses" data-caption="" data-portal-copyright="" data-has-syndication-rights="1" src="https://platform.theverge.com/wp-content/uploads/sites/2/2026/04/P4030918.jpg?quality=90&#038;strip=all&#038;crop=0,0,100,100" />\n\t<figcaption>\n\t\t</figcaption>\n</figure>\n<p class="has-text-align-none">I’ve spent months in the lab testing the latest AR glasses from Xreal and Viture. By “lab,” I mean cozied up on my couch each night, playing my Steam Deck or Nintendo Switch 2 on a huge, virtual screen that only I can see through these glasses.</p>\n\n<p class="has-text-align-none">Using AR glasses as a portable display for your handhelds (and other USB-C devices, like phones, tablets, and laptops) is nothing new. However, the latest versions have one must-have feature in common: three degrees of freedom, or 3DoF, which lets you anchor the screen anywhere you’d like, as opposed to having it nauseatingly wiggle with every head movement. This won’t make AR glasses worth their $400-plus costs for most gamers. But this makes them more useful if you travel a lot, or if you want a more ergonomic handheld setup.</p>\n\n<p class="has-text-align-none">I tested three popular models — <a href="https://www.amazon.com/XREAL-Glasses-Virtual-Supports-Including/dp/B0GC56Z4CR">Xreal’s $449 1S</a>, its <a href="https://www.amazon.com/XREAL-Pro-Glasses-X-Prism-Display/dp/B0FDPGHVCB/">$649 One Pro</a>, and <a href="https://www.viture.com/product/viture-beast-xr-glasses?color=Jet+Black&amp;size=Regular+%28IPD+64.0%C2%B16.0+mm%29">Viture’s $549 Beast</a> — and there is no best pair that everyone should buy. Each does a few things well and a few things not so well, which leaves me no other choice than to list out the ingredients that would make for one perfect pair of AR glasses for gaming.&nbsp;</p>\n\n<h2 class="wp-block-heading has-text-align-none">The comfort, sound quality, and ease of use of Xreal’s glasses</h2>\n\n	https://www.theverge.com/gadgets/906586/best-ar-glasses-viture-xreal-gaming-steam-deck-switch-2	6	low	582fc9416917b074448655a9ac6a2be6f948f18c91b9dd505f7e32e846c7efa5	2026-04-04 14:00:00+00	2026-04-04 18:21:00.052118+00	technology	\N	\N
bbe14fda-db77-4d5c-a6b8-841ad7211d21	TechCrunch	Amazon hits sellers with ‘fuel surcharge’ as Iran war roils global energy markets	The e-commerce giant called the surcharge "temporary" but couldn't give a date for when the policy would be retired. 	https://techcrunch.com/2026/04/02/amazon-hits-sellers-with-fuel-surcharge-as-iran-war-roils-global-energy-markets/	6	low	8a9bda55ff08975c6adf553dc880ea58558d755ca90c75ab1b523d2510633a74	2026-04-02 22:56:29+00	2026-04-04 18:21:00.1422+00	technology	\N	\N
2be74160-612c-48ee-b533-2193d6241aee	The Verge	Super Meat Boy 3D makes suffering fun	\n\t\t\t\t\t\t\t\t\t\t\t\n\n\t\t\t\t\t\t\n<figure>\n\n<img alt="" data-caption="" data-portal-copyright="" data-has-syndication-rights="1" src="https://platform.theverge.com/wp-content/uploads/sites/2/2026/03/ss_642e90291698c85a287b944e41703a22013703dd.1920x1080.jpg?quality=90&#038;strip=all&#038;crop=0,0,100,100" />\n\t<figcaption>\n\t\t</figcaption>\n</figure>\n<p class="has-text-align-none">The original<em> Super Meat Boy</em> is one of the best-known indie games of all time. Released in 2010, it's a brutally difficult 2D platformer, but so fun to play: The short levels almost feel like speedrunning puzzles, and even though they're filled with traps and buzzsaws, dying isn't so bad because you revive nearly instantly. <em>Super Meat Boy 3D</em> has much of the same spirit; it's just as infuriating, and just as satisfying.</p>\n<p class="has-text-align-none">Moving around as Meat Boy in 3D feels very similar to 2D, particularly his really floaty jump. Wherever you run (and where you die) you leave blood splatters, which are helpful visual reminders of where to go (or where you die …</p>\n<p><a href="https://www.theverge.com/games/904202/super-meat-boy-3d-review">Read the full story at The Verge.</a></p>\n\t\t\t\t\t\t\n\t\t\t\t\t\t\t\t\t	https://www.theverge.com/games/904202/super-meat-boy-3d-review	5	low	e33cc0cbf4949792ddc5d22df0321ed686f753a5e1f981cd8b8eab8150859002	2026-04-04 12:00:00+00	2026-04-04 18:21:00.057578+00	technology	\N	\N
f53011b5-c855-4921-b194-939c1c243e2a	The Verge	The app for tracking TV, movies, podcasts, and everything	\n\t\t\t\t\t\t\t\t\t\t\t\n\n\t\t\t\t\t\t\n<figure>\n\n<img alt="" data-caption="" data-portal-copyright="Image: David Pierce / The Verge" data-has-syndication-rights="1" src="https://platform.theverge.com/wp-content/uploads/sites/2/2026/04/Installer-122.png?quality=90&#038;strip=all&#038;crop=0,0,100,100" />\n\t<figcaption>\n\t\t</figcaption>\n</figure>\n<p class="has-text-align-none">Hi, friends! Welcome to <em>Installer</em> No. 122, your guide to the best and <em>Verge</em>-iest stuff in the world. (If you're new here, welcome, go 'Zona, and also you can read all the old editions at the <a href="https://www.theverge.com/installer-newsletter"><em>Installer</em> homepage</a>.) </p>\n<p class="has-text-align-none">This week, I've been reading about <a href="https://www.nytimes.com/2026/04/01/technology/apple-employee-50-years.html"><strong>early Apple employees</strong></a> and <a href="https://www.newyorker.com/culture/infinite-scroll/why-you-hate-your-weather-app"><strong>weather apps</strong></a> and <a href="https://karpathy.bearblog.dev/the-append-and-review-note/"><strong>one-page productivity systems</strong></a>, watching <a href="https://www.themoviedb.org/movie/83533-avatar-fire-and-ash"><strong><em>Avatar: Fire and Ash</em></strong></a><em> </em>on my phone in installments the way James Cameron intended, trying and failing to <a href="https://www.theverge.com/tech/904005/google-change-gmail-email-address"><strong>find a better Gmail address</strong></a> than the dumb one I picked 20 years ago, watching <a href="https://www.youtube.com/watch?v=_eeZQw9PBc0"><strong>the Artemis II launch</strong></a> because space is awesome, buying <a href="https://www.yeti.com/drinkware/mugs/21071507369.html"><strong>a new mug</strong></a> that was too expensive but is extremely awesome, replacing my work soun …</p>\n<p><a href="https://www.theverge.com/tech/906873/sofa-app-track-tv-movies-installer">Read the full story at The Verge.</a></p>\n\t\t\t\t\t\t\n\t\t\t\t\t\t\t\t\t	https://www.theverge.com/tech/906873/sofa-app-track-tv-movies-installer	11	high	2e808d0555f0639ef99229c012d8b70ad99d22338103a0275228a187f0a2a24e	2026-04-04 12:00:00+00	2026-04-04 18:21:00.061358+00	technology	\N	\N
05c2f098-0f26-4bad-ad9f-3c0fccbf3f1f	The Verge	Anker’s Nebula P1 projector is the portable sound king	\n\t\t\t\t\t\t\t\t\t\t\t\n\n\t\t\t\t\t\t\n<figure>\n\n<img alt="the Nebula P1 is held by its handle with the projector lens exposed in front of a van parked in front of a bush and gravel road." data-caption="The Nebula P1 goes anywhere you can find a power source." data-portal-copyright="" data-has-syndication-rights="1" src="https://platform.theverge.com/wp-content/uploads/sites/2/2026/04/IMG_7755.jpeg?quality=90&#038;strip=all&#038;crop=0,0,100,100" />\n\t<figcaption>\n\tThe Nebula P1 goes anywhere you can find a power source.\t</figcaption>\n</figure>\n<p class="has-drop-cap has-text-align-none">The Soundcore Nebula P1 from Anker isn't the most portable Google TV projector I've ever reviewed, nor is it the brightest. It doesn't even have a built-in battery. Instead it's a decent video device that focuses on sound.</p>\n<p class="has-text-align-none">The Nebula P1's standout feature is a pair of speakers that detach to create true left- and right-channel separation. It sounds much better than typical all-in-ones like the supremely portable <a href="https://www.theverge.com/reviews/863910/tcl-playcube-portable-projector-review-battery">TCL PlayCube</a>, <a href="https://www.theverge.com/23725510/xgimi-mogo-2-pro-beamer-review-specs-price">Xgimi MoGo</a>, or Anker's popular Capsule projectors.</p>\n<p class="has-text-align-none">I've been testing the $799 (currently on sale for $639) <a href="https://www.soundcore.com/products/d2431-nebula-p1-portable-projector-with-detachable-speakers?variant=45904637198511">Nebula P1</a> as I travel around the European countryside in my van. It's not my favorite portable projector, but  …</p>\n<p><a href="https://www.theverge.com/reviews/906455/anker-nebula-p1-review-vanlife-sound-champ">Read the full story at The Verge.</a></p>\n\t\t\t\t\t\t\n\t\t\t\t\t\t\t\t\t	https://www.theverge.com/reviews/906455/anker-nebula-p1-review-vanlife-sound-champ	6	low	2020bed91fdc45e72aef70fd9351db0618987456b8303d7713e49a65cea3c914	2026-04-04 07:00:00+00	2026-04-04 18:21:00.064952+00	technology	\N	\N
098388b2-1e35-482c-b058-f558f50ac4cc	The Verge	Anthropic essentially bans OpenClaw from Claude by making subscribers pay extra	\n\t\t\t\t\t\t\t\t\t\t\t\n\n\t\t\t\t\t\t\n<figure>\n\n<img alt="The OpenClaw logo on a dark blue background." data-caption="" data-portal-copyright="Image: The Verge" data-has-syndication-rights="1" src="https://platform.theverge.com/wp-content/uploads/sites/2/2026/02/STKB382_OPEN_CLAW_D.jpg?quality=90&#038;strip=all&#038;crop=0,0,100,100" />\n\t<figcaption>\n\t\t</figcaption>\n</figure>\n<p class="has-text-align-none">Using OpenClaw with Claude AI is about to get a lot more expensive, thanks to Anthropic's new policy changes. Beginning April 4th at 3PM ET, users will "no longer be able to use your Claude subscription limits for third-party harnesses including OpenClaw," according to an email sent to users on Friday evening. Instead, if users want to use OpenClaw with Claude, they'll have to use a "pay-as-you-go option" that will be billed separate from their Claude subscription. </p>\n<p class="has-text-align-none">With OpenClaw creator Peter Steinberger now <a href="https://www.theverge.com/ai-artificial-intelligence/879623/openclaw-founder-peter-steinberger-joins-openai">employed by OpenAI</a>, Anthropic may also be encouraging subscribers to use <a href="https://www.theverge.com/ai-artificial-intelligence/899430/anthropic-claude-code-cowork-ai-control-computer">more of its own tools, like Claude Cowork, instead</a>. Steinber …</p>\n<p><a href="https://www.theverge.com/ai-artificial-intelligence/907074/anthropic-openclaw-claude-subscription-ban">Read the full story at The Verge.</a></p>\n\t\t\t\t\t\t\n\t\t\t\t\t\t\t\t\t	https://www.theverge.com/ai-artificial-intelligence/907074/anthropic-openclaw-claude-subscription-ban	12	high	01411846959ab8642b903cefc7b2ed0d6acfaf090e709e6ce24ebf44f40e8206	2026-04-03 23:52:49+00	2026-04-04 18:21:00.070948+00	technology	\N	\N
c5d51ad7-bf9d-48eb-8342-48dbdbd91699	TechCrunch	Artemis II is NASA’s last moon mission without Silicon Valley	Next time around, the pressure will be on SpaceX and Blue Origin.	https://techcrunch.com/2026/04/02/artemis-ii-is-nasas-last-moon-mission-without-silicon-valley/	5	low	44e125431309f5bc012aa94e1d4ae08d5e0215e4d98ef11f16b0433396c66956	2026-04-02 20:06:29+00	2026-04-04 18:21:00.147378+00	technology	\N	\N
c908f81b-6174-44e4-9fed-221d41718398	TechCrunch	OpenAI acquires TBPN, the buzzy founder-led business talk show	TBPN, Silicon Valley's cult-favorite tech podcast, will operate independently, even as it's overseen by chief political operative Chris Lehane.	https://techcrunch.com/2026/04/02/openai-acquires-tbpn-the-buzzy-founder-led-business-talk-show/	6	low	8e838b3af01b2ad535ad89154b3184d5c990909cc02f6845a0e0971b81daa195	2026-04-02 19:21:00+00	2026-04-04 18:21:00.152022+00	technology	\N	\N
577c22fb-df43-49ef-bc8a-71158c0487f5	Wired	Hackers Are Posting the Claude Code Leak With Bonus Malware	Plus: The FBI says a recent hack of its wiretap tools poses a national security risk, attackers stole Cisco source code as part of an ongoing supply chain hacking spree, and more.	https://www.wired.com/story/security-news-this-week-hackers-are-posting-the-claude-code-leak-with-bonus-malware/	12	high	45dc47186b70572abd324896d6c8d0eaf6b76ef8d97541a3066fb81f51aa840d	2026-04-04 10:30:00+00	2026-04-04 18:21:00.156271+00	technology	\N	\N
f3632540-58ba-46b6-9e42-f916796b5c2c	The Verge	NASA did eventually solve Artemis II&#8217;s Outlook glitch	\n\t\t\t\t\t\t\t\t\t\t\t\n\n\t\t\t\t\t\t\n<figure>\n\n<img alt="" data-caption="NASA’s Artemis II rocket launched from the Kennedy Space Center on Wednesday. | Photo: Joe Raedle via Getty Images" data-portal-copyright="Photo: Joe Raedle via Getty Images" data-has-syndication-rights="1" src="https://platform.theverge.com/wp-content/uploads/sites/2/2026/04/gettyimages-2269451654.jpg?quality=90&#038;strip=all&#038;crop=0,0,100,100" />\n\t<figcaption>\n\tNASA’s Artemis II rocket launched from the Kennedy Space Center on Wednesday. | Photo: Joe Raedle via Getty Images\t</figcaption>\n</figure>\n<p class="has-text-align-none">On Thursday, during Artemis II's journey to the Moon, commander Reid Wiseman ran into a tech issue some of us back on Earth can relate to: <a href="https://www.theverge.com/science/905865/artemis-ii-tech-support-checking-in">Microsoft Outlook wasn't working</a>. In a conversation captured in NASA's Artemis livestream and <a href="https://bsky.app/profile/nikigrayson.com/post/3miik2wzosk25">shared on Bluesky</a>, Wiseman reported to Mission Control: "I also see that I have two Microsoft Outlooks and neither one of those are working." </p>\n<p class="has-text-align-none">To take care of the issue, Mission Control had to remotely access Wiseman's personal computing device (PCD), a Microsoft Surface Pro. During a press conference on Thursday, Artemis flight director Judd Frieling <a href="https://www.youtube.com/live/j3Pq35gm4qA?si=etdGDMvk72qd1bjY&amp;t=2079">said NASA had fixed the issue</a>, stating, "This is not uncommon …</p>\n<p><a href="https://www.theverge.com/science/906988/nasa-artemis-ii-microsoft-outlook-issue-fixed">Read the full story at The Verge.</a></p>\n\t\t\t\t\t\t\n\t\t\t\t\t\t\t\t\t	https://www.theverge.com/science/906988/nasa-artemis-ii-microsoft-outlook-issue-fixed	8	medium	b5fc6d89bfb590cead1957de1e14ef4336dac3931a8af43aed40cf56dea441dd	2026-04-03 20:53:48+00	2026-04-04 18:21:00.074574+00	technology	\N	\N
88bb907d-544f-49b4-9955-06e6a23722a3	The Verge	OpenAI’s AGI boss is taking a leave of absence	\n\t\t\t\t\t\t\t\t\t\t\t\n\n\t\t\t\t\t\t\n<figure>\n\n<img alt="" data-caption="" data-portal-copyright="Image: Bloomberg via Getty Images" data-has-syndication-rights="1" src="https://platform.theverge.com/wp-content/uploads/sites/2/2026/04/gettyimages-1239231852.jpg?quality=90&#038;strip=all&#038;crop=0,0,100,100" />\n\t<figcaption>\n\t\t</figcaption>\n</figure>\n<p class="has-text-align-none">OpenAI is undergoing another round of C-suite changes, according to an internal memo viewed by <em>The Verge</em>. </p>\n<p class="has-text-align-none">Fidji Simo, OpenAI's CEO of AGI deployment - who was until recently the company's CEO of applications - says in the memo that she will be stepping away on medical leave "for the next several weeks" due to a neuroimmune condition. While she's out, OpenAI president Greg Brockman will be in charge of product, including leading OpenAI's super app efforts. On the business side, CSO Jason Kwon, CFO Sarah Friar, and CRO Denise Dresser will take charge. </p>\n<p class="has-text-align-none">OpenAI's CMO, Kate Rouch, has also decided to step down in order to focus on her health,  …</p>\n<p><a href="https://www.theverge.com/ai-artificial-intelligence/906965/openais-agi-boss-is-taking-a-leave-of-absence">Read the full story at The Verge.</a></p>\n\t\t\t\t\t\t\n\t\t\t\t\t\t\t\t\t	https://www.theverge.com/ai-artificial-intelligence/906965/openais-agi-boss-is-taking-a-leave-of-absence	6	low	650c35a96718b722ebe3fbfcbe32b2df49139674b6efca3e78dd6022c8cdbff5	2026-04-03 20:22:59+00	2026-04-04 18:21:00.078127+00	technology	\N	\N
d65f7c24-f385-4c0a-971a-2ad2fa953083	TechCrunch	Anthropic says Claude Code subscribers will need to pay extra for OpenClaw usage	It’s about to become more expensive for Claude Code subscribers to use Anthropic’s coding assistant with OpenClaw and other third-party tools.	https://techcrunch.com/2026/04/04/anthropic-says-claude-code-subscribers-will-need-to-pay-extra-for-openclaw-support/	6	low	caa0dfb1e2d2ba60041cd26d8e8e4a6b659dcfb0999f71354347bd1e33337cbb	2026-04-04 16:32:22+00	2026-04-04 18:21:00.081311+00	technology	\N	\N
4723a9d0-1bf0-4a05-9b3f-86530203483c	TechCrunch	Anthropic is having a moment in the private markets; SpaceX could spoil the party	Glen Anderson, president of Rainmaker Securities, says the secondary market for private shares has never been more active — with Anthropic the hottest trade around, OpenAI losing ground, and SpaceX's looming IPO poised to reshape the landscape for everyone.\n	https://techcrunch.com/2026/04/03/anthropic-is-having-a-moment-in-the-private-markets-spacex-could-spoil-the-party/	11	high	7f9cb31fee5499e83c29a9445c2ec0d26190e45e473dbdd1f5f607798eb97d50	2026-04-04 01:31:00+00	2026-04-04 18:21:00.087546+00	technology	\N	\N
f42a8387-b29b-4cdb-bc6b-4d2738d768eb	TechCrunch	Tesla’s Texas factory workforce reportedly shrunk 22% in 2025	Tesla's headcount fell from 21,191 workers to 16,506 workers in 2025, according to a report, as it grappled with its second straight year of declining sales.	https://techcrunch.com/2026/04/03/teslas-texas-factory-workforce-reportedly-shrunk-22-in-2025/	5	low	bc1cd39baaa02933321134208932bad7c51587f0bd32057e23b3172b8260651e	2026-04-03 20:43:25+00	2026-04-04 18:21:00.091439+00	technology	\N	\N
254143a3-947e-45df-b65f-9f2b0db57e11	TechCrunch	OpenAI executive shuffle includes new role for COO Brad Lightcap to lead ‘special projects’	In addition to Lightcap's new role, OpenAI CMO Kate Rouch will be stepping away from the company to focus on cancer recovery, with a plan to return when her health allows.	https://techcrunch.com/2026/04/03/openai-executive-shuffle-new-roles-coo-brad-lightcap-fidji-simo-kate-rouch/	6	low	ad185a9f7bd2bb1fb104cfe8e063bea69f83981903e554d288ae902b2dddaf09	2026-04-03 20:35:34+00	2026-04-04 18:21:00.094323+00	technology	\N	\N
5ea4140f-3c4f-4427-acf6-6fffea89253b	TechCrunch	Anthropic buys biotech startup Coefficient Bio in $400M deal: Reports	Anthropic has purchased the stealth biotech AI startup Coefficient Bio in a $400 million stock deal, according to The Information and Eric Newcomer.	https://techcrunch.com/2026/04/03/anthropic-buys-biotech-startup-coefficient-bio-in-400m-deal-reports/	6	low	40cc2c06f56b182918b9221a5aedffcd09daeb6f3467e8667bcf81ea0a9c02f5	2026-04-03 20:28:40+00	2026-04-04 18:21:00.102505+00	technology	\N	\N
94972d92-3d40-402c-8baf-762449f4bca4	TechCrunch	Anthropic ramps up its political activities with a new PAC	With the midterms right around the corner, the new group is positioned to back candidates who support the AI company's policy agenda. 	https://techcrunch.com/2026/04/03/anthropic-ramps-up-its-political-activities-with-a-new-pac/	6	low	ea44631a759522d60e05c6fccc7fc37e57dd63283efe621313464971feb0772a	2026-04-03 20:22:18+00	2026-04-04 18:21:00.107413+00	technology	\N	\N
28df5742-38ea-40ec-8e98-dd5b46c0c845	TechCrunch	AI companies are building huge natural gas plants to power data centers. What could go wrong?	Meta, Microsoft, and Google are all betting big on new natural gas power plants to run their AI data centers. They may regret it.	https://techcrunch.com/2026/04/03/ai-companies-are-building-huge-natural-gas-plants-to-power-data-centers-what-could-go-wrong/	12	high	e21bb2d4ea20ac06496a9b2d6e8b06af9e19d9b0e02aaf1477f20cd2125b4bd6	2026-04-03 19:48:22+00	2026-04-04 18:21:00.112425+00	technology	\N	\N
84564925-9add-4d0c-b903-ac4fdce93bde	TechCrunch	People would rather have an Amazon warehouse in their backyard than a data center	A new poll shows that the debate over data centers is far from settled.	https://techcrunch.com/2026/04/03/people-would-rather-have-an-amazon-warehouse-in-their-backyard-than-a-data-center/	6	low	22407c4f9921d0d47573c9dc9da91459aff3d05680cb9a6960d28892909ae855	2026-04-03 19:20:36+00	2026-04-04 18:21:00.1176+00	technology	\N	\N
c36832f1-2a89-40c2-b8ae-6e267fc0185a	Wired	Meta Pauses Work With Mercor After Data Breach Puts AI Industry Secrets at Risk	Major AI labs are investigating a security incident that impacted Mercor, a leading data vendor. The incident could have exposed key data about how they train AI models.	https://www.wired.com/story/meta-pauses-work-with-mercor-after-data-breach-puts-ai-industry-secrets-at-risk/	12	high	22fd10a6466a92157e41030810439cb9410adb25b3bc0c28790bc7d06cdb3eb0	2026-04-03 21:28:14+00	2026-04-04 18:21:00.165866+00	technology	\N	\N
ae694c8b-c49b-441b-88e5-dc39bd1a13fd	Wired	OpenAI’s Fidji Simo Is Taking Medical Leave Amid an Executive Shake-Up	The company is undergoing major leadership restructuring as its CEO of AGI deployment goes on leave for “several weeks.”	https://www.wired.com/story/openais-fidji-simo-is-taking-a-leave-of-absence/	7	medium	ba1e0c32e648f364761bde8cd61223a5c632c2a246c7c374fff190f5c4634bcb	2026-04-03 19:38:35+00	2026-04-04 18:21:00.175323+00	technology	\N	\N
7a6461c7-d3e1-4fac-9a17-fc59670ffa8c	Wired	The Best iPad to Buy (and Some to Avoid) in 2026: Compare the Air, Pro, Mini	We break down the current iPad lineup to help you figure out which of Apple’s tablets is best for you.	https://www.wired.com/gallery/the-best-ipad/	7	medium	fc6aa725e577763151e3f4d028c39e032dff92e380370caf9f964d5bc25a85a0	2026-04-03 11:30:00+00	2026-04-04 18:21:00.182786+00	technology	\N	\N
365183a1-47e8-42bc-b60b-6d864e484b6b	Wired	New Garmin Training Features (2026): Nutrition Tracking, Lifestyle Logging, and More	Nutrition tracking? Gear tracking? Garmin’s latest software updates aim to add value to the company’s line of premium sports watches.	https://www.wired.com/story/garmin-training-features-2026/	6	low	fef879b8835fe966ac723f34e29c38bcad7511714fee6b3aa7023cdce6b0b50d	2026-04-03 11:00:00+00	2026-04-04 18:21:00.189367+00	technology	\N	\N
4e11dc58-a23d-4e92-9d13-04fa48daa9b2	Wired	CBP Facility Codes Sure Seem to Have Leaked Via Online Flashcards	The Quizlet flashcards, which WIRED found through basic Google searches, seem to include sensitive information about gate security at Customs and Border Protection locations.	https://www.wired.com/story/cbp-facility-codes-sure-seem-to-have-leaked-via-online-flashcards/	10	high	507250353c90211e2f45da591d5005041c1f3a47f890bffa5ce97893da28eaea	2026-04-03 09:00:00+00	2026-04-04 18:21:00.195715+00	technology	\N	\N
5038826d-d6da-4819-a500-3b496959883f	Wired	The Google Pixel 10 Is $150 Off	Amazon marks Google's flagship down to just $650 for 128 GB or $750 for 256 GB.	https://www.wired.com/story/pixel-10-deal-3426/	10	high	f334f50a91cd1accf792193623956200c5bafc17986157b899ead2289b0c0305	2026-04-02 20:50:18+00	2026-04-04 18:21:00.201103+00	technology	\N	\N
ea703319-e21b-44a3-a0a9-ecc5f2731e1d	Wired	OpenAI Acquires Tech Talk Show ‘TBPN’—and Buys Itself Some Positive News	OpenAI is acquiring TBPN, a business talk show that’s popular among Silicon Valley elites, as it continues to battle its negative public image.	https://www.wired.com/story/openai-acquires-tbpn-buys-positive-news-coverage/	7	medium	9ee93e202675d5ce492e8121c051f05ab3967d8b1d3975c48583d269c6df216a	2026-04-02 19:29:48+00	2026-04-04 18:21:00.204953+00	technology	\N	\N
263b351f-9740-42cc-b70f-b3f383814962	Wired	Your Art Can Go in This San Francisco Alley	A trio of tech pranksters have launched a website where you can submit artwork and vote on which pieces belong in the final design. Of course, AI will scan for dick pics.	https://www.wired.com/story/your-art-can-go-in-this-san-francisco-alley-paint-a-street/	6	low	b0d1571444e2ac3b86582c6bb144061a158f84016c8aea309a5d5a8366b28d09	2026-04-02 18:27:45+00	2026-04-04 18:21:00.209328+00	technology	\N	\N
2642a63c-ee01-4b9b-88a6-716e5f8e0382	Wired	A New Google-Funded Data Center Will Be Powered by a Massive Gas Plant	Documents show that one of Google’s new data centers would be powered by a natural gas plant that emits millions of tons of emissions each year—an increasingly common trend in the industry.	https://www.wired.com/story/a-new-google-funded-data-center-will-be-powered-by-a-massive-gas-plant/	7	medium	5cc9f320ad2f2b020858cebf1fe19081242fb5841af57b62680460d8d03f5cb3	2026-04-02 18:27:29+00	2026-04-04 18:21:00.214411+00	technology	\N	\N
84f30863-8dde-4fe4-9d10-d6daef70a06e	Wired	What Happens When a Nuclear Site Is Hit?	As strikes continue on Iran’s nuclear facilities, the real danger isn’t the explosion, but what happens if critical safety systems fail—and how that risk could spread across the Gulf.	https://www.wired.com/story/heres-what-can-happen-when-the-us-bombs-irans-nuclear-sites/	9	medium	6cb18a9be8699f48654ac6fedfb1dcc36b69779dad5fc2b36538f9ce620d307d	2026-04-02 18:08:08+00	2026-04-04 18:21:00.220321+00	technology	\N	\N
4e77bab2-bee9-4486-a7bd-103d5b066346	Wired	Cursor Launches a New AI Agent Experience to Take On Claude Code and Codex	As Cursor launches the next generation of its product, the AI coding startup has to compete with OpenAI and Anthropic more directly than ever.	https://www.wired.com/story/cusor-launches-coding-agent-openai-anthropic/	12	high	b382f63a3c058693f650fc17af87fd881f8aa4427bcf9a531dd641aa7291b325	2026-04-02 17:00:00+00	2026-04-04 18:21:00.228192+00	technology	\N	\N
a52e98d7-a930-43ee-83c5-53dcf7a10a67	Wired	Anthropic Says That Claude Contains Its Own Kind of Emotions	Researchers at the company found representations inside of Claude that perform functions similar to human feelings.	https://www.wired.com/story/anthropic-claude-research-functional-emotions/	7	medium	4db82c40f3b5ea68e67ce187eab0d450f34e75e95745511d6ae266aa937151a8	2026-04-02 16:00:00+00	2026-04-04 18:21:00.23517+00	technology	\N	\N
22dab568-6aad-41c2-9fdd-42ce38745888	Wired	Even Artemis II Astronauts Have Microsoft Outlook Problems	The mission commander’s email inbox failed during the journey to the moon. Have they tried turning the computer off and back on again?	https://www.wired.com/story/artemis-ii-microsoft-outlook-problems/	7	medium	d52e6a1a94fae0b81d014ddea421fc7fe1bdc749d9e5d2ba85166b5cdea6bc49	2026-04-02 15:59:36+00	2026-04-04 18:21:00.239941+00	technology	\N	\N
3daf1b5a-7167-41e7-9423-97e819e931a1	Wired	Apple iPad Air (M4) Review: The Ultimate iPad	The M4 iPad Air is a very modest refresh, but let’s not forget just how good of an iPad it really is.	https://www.wired.com/review/apple-ipad-air-m4/	7	medium	2d1f04e614f456665122efdf5ac57e617f6137e5bca6b3c056b852a0aedbad51	2026-04-02 10:30:00+00	2026-04-04 18:21:00.24741+00	technology	\N	\N
ce449ea9-db89-4fe4-9083-38e9d28f9bc1	Hacker News	Apple approves driver that lets Nvidia eGPUs work with Arm Macs	\n<p>Article URL: <a href="https://www.theverge.com/tech/907003/apple-approves-driver-that-lets-nvidia-egpus-work-with-arm-macs">https://www.theverge.com/tech/907003/apple-approves-driver-that-lets-nvidia-egpus-work-with-arm-macs</a></p>\n<p>Comments URL: <a href="https://news.ycombinator.com/item?id=47640380">https://news.ycombinator.com/item?id=47640380</a></p>\n<p>Points: 94</p>\n<p># Comments: 27</p>\n	https://www.theverge.com/tech/907003/apple-approves-driver-that-lets-nvidia-egpus-work-with-arm-macs	9	medium	9a2b7e52cfebfad87f9407bbc6d75d1c28c8d18b5e8a47b8758f9d9cea8ce14a	2026-04-04 16:16:10+00	2026-04-04 18:21:00.252392+00	technology	\N	\N
8e73aa35-a1d6-483d-a18d-09e81ddfccdb	Hacker News	Show HN: sllm – Split a GPU node with other developers, unlimited tokens	\n<p>Running DeepSeek V3 (685B) requires 8×H100 GPUs which is about $14k/month. Most developers only need 15-25 tok/s. sllm lets you join a cohort of developers sharing a dedicated node. You reserve a spot with your card, and nobody is charged until the cohort fills. Prices start at $5/mo for smaller models.<p>The LLMs are completely private (we don't log any traffic).<p>The API is OpenAI-compatible (we run vLLM), so you just swap the base URL. Currently offering a few models.</p>\n<hr>\n<p>Comments URL: <a href="https://news.ycombinator.com/item?id=47639779">https://news.ycombinator.com/item?id=47639779</a></p>\n<p>Points: 35</p>\n<p># Comments: 21</p>\n	https://sllm.cloud	6	low	c2c2b2143f67f7f8dc99a321c5637181bd2a7d2b819e7a0d17fcb6a9ebc4b8d4	2026-04-04 15:18:58+00	2026-04-04 18:21:00.259658+00	technology	\N	\N
29012223-c8df-483b-b5d3-05b76e94df15	Hacker News	When legal sports betting surges, so do Americans' financial problems	\n<p>Article URL: <a href="https://www.npr.org/2026/04/04/nx-s1-5773354/legal-sports-betting-research-credit-bankruptcy">https://www.npr.org/2026/04/04/nx-s1-5773354/legal-sports-betting-research-credit-bankruptcy</a></p>\n<p>Comments URL: <a href="https://news.ycombinator.com/item?id=47639727">https://news.ycombinator.com/item?id=47639727</a></p>\n<p>Points: 42</p>\n<p># Comments: 18</p>\n	https://www.npr.org/2026/04/04/nx-s1-5773354/legal-sports-betting-research-credit-bankruptcy	6	low	3f7e1f679dcee38d3b496de01c031a512579d1ddc870dfe05080c08bc04113b6	2026-04-04 15:14:06+00	2026-04-04 18:21:00.266439+00	technology	\N	\N
894ec86e-6040-4450-8311-8e849d4a8777	Hacker News	Show HN: TurboQuant-WASM – Google's vector quantization in the browser	\n<p>Article URL: <a href="https://github.com/teamchong/turboquant-wasm">https://github.com/teamchong/turboquant-wasm</a></p>\n<p>Comments URL: <a href="https://news.ycombinator.com/item?id=47639567">https://news.ycombinator.com/item?id=47639567</a></p>\n<p>Points: 59</p>\n<p># Comments: 2</p>\n	https://github.com/teamchong/turboquant-wasm	6	low	c25c62c1faac983c5e5dd2b8d97aafdf30874f3ee5616dfd3b804ea5be1ac7a7	2026-04-04 14:53:16+00	2026-04-04 18:21:00.273839+00	technology	\N	\N
36f9ae0a-1d93-490d-a575-a3860f6c3932	Hacker News	Author of "Careless People" banned from saying anything negative about Meta	\n<p>Article URL: <a href="https://www.thetimes.com/uk/technology-uk/article/sarah-wynn-williams-careless-people-meta-nrffdfpmf">https://www.thetimes.com/uk/technology-uk/article/sarah-wynn-williams-careless-people-meta-nrffdfpmf</a></p>\n<p>Comments URL: <a href="https://news.ycombinator.com/item?id=47639524">https://news.ycombinator.com/item?id=47639524</a></p>\n<p>Points: 380</p>\n<p># Comments: 256</p>\n	https://www.thetimes.com/uk/technology-uk/article/sarah-wynn-williams-careless-people-meta-nrffdfpmf	9	medium	99e4295913c623dc29c4b8e20bcd63670f2244510a2bdfec532d8d16dbe77e10	2026-04-04 14:48:26+00	2026-04-04 18:21:00.279957+00	technology	\N	\N
d962742a-8966-4d83-b069-24accfbbdb28	Hacker News	Claude Code Found a Linux Vulnerability Hidden for 23 Years	\n<p>Article URL: <a href="https://mtlynch.io/claude-code-found-linux-vulnerability/">https://mtlynch.io/claude-code-found-linux-vulnerability/</a></p>\n<p>Comments URL: <a href="https://news.ycombinator.com/item?id=47633855">https://news.ycombinator.com/item?id=47633855</a></p>\n<p>Points: 247</p>\n<p># Comments: 152</p>\n	https://mtlynch.io/claude-code-found-linux-vulnerability/	8	medium	647582d33c3ea2e97ca1c88ab92fe14fa135cb80786b82a3b3378ca47b95100e	2026-04-03 23:46:51+00	2026-04-04 18:21:00.287173+00	technology	\N	\N
440d6ca6-75e4-4e21-a363-15977fa9578d	BBC Tech	Tech Now	Shiona McCallum tours Blenheim Palace, exploring the tech aiding its restoration.	https://www.bbc.co.uk/iplayer/live/bbcnews?at_medium=RSS&at_campaign=rss	5	low	9b64e50ebd282b69a3a3959d5b4e2ae26e0900d1b4b9a61292fed9574b5f100a	2026-04-04 01:00:00+00	2026-04-04 18:25:01.5873+00	technology	\N	\N
1aa19945-d967-4afe-abd5-9bd1eaed6264	BBC World	US says it has arrested relatives of late Iranian ​general Qasem ​Soleimani	The niece and grand-niece of Qasem Soleimani are in the custody of US Immigration and Customs Enforcement, officials said. 	https://www.bbc.com/news/articles/cgqkn4j48qdo?at_medium=RSS&at_campaign=rss	5	low	88b0dfbb507bad09fe32c365f2421dd6508741defc6f376396a5af144c959b31	2026-04-04 18:43:45+00	2026-04-04 18:45:02.217292+00	geopolitics	\N	\N
bc0a3fb6-993f-4559-be37-ff450c09ae1f	Hacker News	Deafness reversed: One injection restores hearing in just weeks – ScienceDaily	\n<p>Article URL: <a href="https://www.sciencedaily.com/releases/2026/04/260403044651.htm">https://www.sciencedaily.com/releases/2026/04/260403044651.htm</a></p>\n<p>Comments URL: <a href="https://news.ycombinator.com/item?id=47641277">https://news.ycombinator.com/item?id=47641277</a></p>\n<p>Points: 13</p>\n<p># Comments: 3</p>\n	https://www.sciencedaily.com/releases/2026/04/260403044651.htm	5	low	9d2a5ade631edfdc889dfad7c1d244aa669fa0cdd980b0272fff27788b6ca4ae	2026-04-04 17:35:40+00	2026-04-04 18:47:07.732513+00	technology	\N	\N
8cccbc7c-a1e0-4417-8bf4-0e1b7004dd3c	Al Jazeera	Vehicle engulfed in flames after Israeli drone strike in central Gaza	Palestinians in Gaza scrambled to extinguish a vehicle engulfed in flames after it was targeted by an Israeli drone.	https://www.aljazeera.com/video/newsfeed/2026/4/4/vehicle-engulfed-in-flames-after-israeli-drone-strike-in-central-gaza?traffic_source=rss	12	high	05e6f9572a4f644489daaac8e45118a6fa1153878ea6e55dbd7ac0271c66851f	2026-04-04 18:43:35+00	2026-04-04 18:54:12.471126+00	geopolitics	An Israeli drone strike targeted a vehicle in central Gaza, setting it on fire	Geopolitics
efcde413-b52d-4357-92c0-8a9ff3145834	Al Jazeera	Palestinian Christians in Gaza mark Good Friday	Palestinian Christians in Gaza marked Good Friday at the Holy Family Church during a fragile ceasefire. 	https://www.aljazeera.com/video/newsfeed/2026/4/4/palestinian-christians-in-gaza-mark-good-friday?traffic_source=rss	9	medium	198eba41da603503e8d64e07f5ea905beac7e24dcdba83ea120ae4a774edf888	2026-04-04 00:30:08+00	2026-04-04 18:54:12.495177+00	geopolitics	Palestinian Christians in Gaza observed Good Friday amidst a fragile ceasefire	Geopolitics
14039f86-fc5b-4e07-9fa4-478ef9d905ff	The Verge	A folk musician became a target for AI fakes and a copyright troll	\n\t\t\t\t\t\t\t\t\t\t\t\n\n\t\t\t\t\t\t\n<figure>\n\n<img alt="Musician Murphy Campbell in a black and white photo that appears to be taken on an old-school large format film camera." data-caption="Murphy Campbell is at the center of a brewing storm around AI and a broken copyright system. | Image: Murphy Campbell" data-portal-copyright="Image: Murphy Campbell" data-has-syndication-rights="1" src="https://platform.theverge.com/wp-content/uploads/sites/2/2026/04/0040566978_25.jpg?quality=90&#038;strip=all&#038;crop=0,0,100,100" />\n\t<figcaption>\n\tMurphy Campbell is at the center of a brewing storm around AI and a broken copyright system. | Image: Murphy Campbell\t</figcaption>\n</figure>\n<p class="has-text-align-none">In January, folk artist Murphy Campbell discovered several songs on her Spotify profile that <a href="https://www.instagram.com/murphydoesnotmatter/reel/DTvZayRiZ4q/">did not belong there</a>. They were songs that she had recorded, but she'd never uploaded them to Spotify, and something was off about the vocals.</p>\n<p class="has-text-align-none">She quickly surmised that someone had pulled performances of the songs she posted to YouTube, created AI covers, and uploaded them to streaming platforms under her name. I ran one of the songs, "Four Marys", through two different AI detectors, and it seemed to support her suspicions with both saying it was probably AI-generated.</p>\n<p class="has-text-align-none">Campbell was shocked, "I was kind of under the impression that we had a little b …</p>\n<p><a href="https://www.theverge.com/entertainment/907111/murphy-campbell-folk-music-ai-copyright">Read the full story at The Verge.</a></p>\n\t\t\t\t\t\t\n\t\t\t\t\t\t\t\t\t	https://www.theverge.com/entertainment/907111/murphy-campbell-folk-music-ai-copyright	11	high	0b48ffbf56e2cb956bdadbc75a510f21d963546e15248af964ed39721575dbc9	2026-04-04 17:52:10+00	2026-04-04 18:54:12.508503+00	technology	A folk musician's songs were targeted by AI fakes and a copyright troll, highlighting issues with AI-generated content and copyright protection	Tech
7a085ed1-f657-4526-8db0-45f4606ff298	Wired	Our Favorite iPad Is $50 Off	Score an 11th-generation A16-powered iPad for just $300.	https://www.wired.com/story/ipad-a16-deal-426/	6	low	276aa56cad7999dd41785cbae7d39066a0b630e6bf9d22252660f6a2e188dcbb	2026-04-03 20:06:20+00	2026-04-04 18:54:12.519229+00	technology	The 11th-generation iPad is on sale for $300, a $50 discount from its original price	Tech
08a2f07a-7ea3-41d0-b8da-feabe18ed6b7	Wired	50% Off DoorDash Promo Code | April 2026	Explore today’s top DoorDash promo codes for $25 off your first order, free delivery, and up to 50% off for existing customers.	https://www.wired.com/story/doordash-promo-code/	6	low	df67c6d4e612f833938b20602adb0d664cb9d6ea99fc9df12c7499654ea1f590	2026-04-03 05:00:00+00	2026-04-04 18:54:12.524348+00	technology	DoorDash offers promotional discounts for new and existing customers	Finance
0b225f0b-68c2-4bbd-8675-ddd94bde4ea1	Wired	‘Uncanny Valley’: Iran’s Threats on US Tech, Trump’s Plans for Midterms, and Polymarket’s Pop-up Flop	In this episode, we discuss Iran’s threats to target US tech firms, gear up for the midterm elections, and get a scene report from the Polymarket pop-up bar in DC.	https://www.wired.com/story/uncanny-valley-podcast-iran-targets-us-tech-polymarket-pop-up-trump-midterms/	12	high	8c512177d8d6265597d788acd158df0c7a818de26bd7d3a79bdf4265a71fb823	2026-04-02 21:04:22+00	2026-04-04 18:54:12.52744+00	technology	Iran threatens to target US tech firms amidst rising geopolitical tensions	Geopolitics|Tech
b9cf3244-4447-477a-9b80-2ddebbcfac57	Wired	Gas Prices Are Soaring. So Is the Demand for Used EVs	Dealerships say they’re getting busier as the Iran war and the shipping crisis at the Strait of Hormuz drag on.	https://www.wired.com/story/one-solution-to-the-gas-price-spike-used-evs/	12	high	5a98bfad79a822d86bb0a9c60737be020c9b9f9c8e7c6e6a4bab5d1c9d2f7185	2026-04-02 11:00:00+00	2026-04-04 18:54:12.53532+00	technology	Rising gas prices and geopolitical tensions are driving up demand for used electric vehicles	Geopolitics|Tech
a3b62882-c2e5-4bef-998a-1c469a57894e	Al Jazeera	Italy’s Meloni meets Qatar emir to discuss energy issues amid Iran war	Prime Minister Meloni is the first EU and NATO country leader to visit the region since the war began. 	https://www.aljazeera.com/news/2026/4/4/italys-meloni-meets-qatar-emir-to-discuss-energy-issues-amid-iran-war?traffic_source=rss	12	high	c346b2c9d15b257d5392fbb277277a6cc9b8025ea62b24479089bb5053f21760	2026-04-04 17:39:55+00	2026-04-04 18:54:54.285768+00	geopolitics	Italy's Prime Minister Meloni meets Qatar emir to discuss energy issues amid Iran war	Geopolitics
69fed36b-c098-47e0-81d0-f01d149395f8	Al Jazeera	Top diplomat Marco Rubio strips Qassem Soleimani’s niece of US residency	In a statement, the US State Department has accused Hamideh Soleimani Afshar of being an &#039;outspoken supporter&#039; of Iran.	https://www.aljazeera.com/news/2026/4/4/top-diplomat-marco-rubio-strips-qassem-soleimanis-niece-of-us-residency?traffic_source=rss	12	high	6678c9ce146458db21a04867b33bb4417e2988d4c2ef1ad48ad57cbe2b2fdc78	2026-04-04 17:27:30+00	2026-04-04 18:54:54.304517+00	geopolitics	US strips Qassem Soleimani's niece of US residency due to her support for Iran	Geopolitics
91d76396-ea61-4113-9a13-0cc2c58b296e	Al Jazeera	New video reveals moment US-Israeli munitions impact Iranian bridge	New video shows the moment multiple US-Israeli strikes hit the B1 bridge in Iran&#039;s northern Alborz province on Thursday.	https://www.aljazeera.com/video/newsfeed/2026/4/4/new-video-reveals-moment-us-israeli-munitions-impact-iranian-bridge?traffic_source=rss	12	high	a9fb873c1387d9de27d7ea65beaef9113c515a606c3c03a0f55852b34a626069	2026-04-04 17:02:25+00	2026-04-04 18:54:54.31005+00	geopolitics	A new video shows the impact of US-Israeli munitions on an Iranian bridge in the Alborz province	Geopolitics
db3d4137-69ef-478c-b19d-16ba5ee2011f	Ars Technica	Ice Age dice show early Native Americans may have understood probability	\n                            <p>Native Americans have been playing with dice in games of chance for more than 12,000 years, according to <a href="https://www.cambridge.org/core/journals/american-antiquity/article/probability-in-the-pleistocene-origins-and-antiquity-of-native-american-dice-games-of-chance-and-gambling/E38C7B1F4CE7F417D8EFAC5AFEEF20A2">a new paper</a> published in the journal American Antiquity. And the oldest examples of Native American dice predate the earliest currently known dice in the Old World by millennia.</p>\n<p>“Historians have traditionally treated dice and probability as Old World innovations,” <a href="https://libarts.source.colostate.edu/how-native-americans-shaped-gambling-and-probability/">said author Robert Madden</a>, a graduate student at Colorado State University. “What the archaeological record shows is that ancient Native American groups were deliberately making objects designed to produce random outcomes, and using those outcomes in structured games, thousands of years earlier than previously recognized.”</p>\n<p>Madden's interest in Native American gaming started with <a href="https://arstechnica.com/science/2020/03/3400-year-old-mesoamerican-ball-court-sheds-light-on-origins-of-the-game/">Maya ballgames</a> and then expanded to include Native American dice and games of chance. These were rudimentary dice with just two sides, rather than the six sides of modern dice, typically described as "binary lots." And Madden found they were common to virtually every Native American tribe. Archaeologists had traced the use of such dice back 2,000 years, but most were hesitant to conclude that dice-like artifacts older than that were, in fact, dice.</p><p><a href="https://arstechnica.com/science/2026/04/ice-age-dice-show-early-native-americans-may-have-understood-probability/">Read full article</a></p>\n<p><a href="https://arstechnica.com/science/2026/04/ice-age-dice-show-early-native-americans-may-have-understood-probability/#comments">Comm	https://arstechnica.com/science/2026/04/ice-age-dice-show-early-native-americans-may-have-understood-probability/	9	medium	7f5baf6aab2e0a49150f2bf648e261500ebdb7030842375cbbb2ba9a3e95f41c	2026-04-03 22:55:29+00	2026-04-04 18:54:54.320123+00	technology	Research reveals Native Americans understood probability over 12,000 years ago through the use of early dice, predating Old World innovations	Tech
d911c7f1-32e2-4956-ba06-f3ba12ab75c3	The Verge	Really, you made this without AI? Prove it	\n\t\t\t\t\t\t\t\t\t\t\t\n\n\t\t\t\t\t\t\n<figure>\n\n<img alt="A crowd of robots surrounding someone with a robot captcha for a head." data-caption="" data-portal-copyright="Image: &lt;em&gt;The Verge&lt;/em&gt; / Jess Weatherbed" data-has-syndication-rights="1" src="https://platform.theverge.com/wp-content/uploads/sites/2/2026/04/Human-made-ai-free-labels-hero.jpg?quality=90&#038;strip=all&#038;crop=0,0,100,100" />\n\t<figcaption>\n\t\t</figcaption>\n</figure>\n<p class="has-drop-cap has-text-align-none">"This looks like AI."</p>\n<p class="has-text-align-none">It's a phrase I dread seeing as a writer who dabbles in illustration and amateur photography. In a world where generative AI technology is increasingly adept at mimicking the work of humans, people are naturally skeptical when online platforms <a href="https://www.theverge.com/ai-artificial-intelligence/882956/ai-deepfake-detection-labels-c2pa-instagram-youtube">refuse to label even obvious AI content</a>.</p>\n<p class="has-text-align-none">This leads me to one conclusion: maybe we should start labeling human-made text, images, audio, and video with something akin to a universally recognized Fair Trade logo. The machines sure as hell aren't motivated to label their work, but the creators at risk of being displaced most definitely are.</p>\n<p class="has-text-align-none">Fortunately, I'm not alone in my thinki …</p>\n<p><a href="https://www.theverge.com/tech/906453/human-made-ai-free-logo-creative-content">Read the full story at The Verge.</a></p>\n\t\t\t\t\t\t\n\t\t\t\t\t\t\t\t\t	https://www.theverge.com/tech/906453/human-made-ai-free-logo-creative-content	11	high	0940172b7a58878717a750d528a418a2ed0ec18612a567053d777923272da232	2026-04-04 13:00:00+00	2026-04-04 18:54:54.331368+00	technology	A proposal for a 'human-made' label to distinguish creative content from AI-generated work	Tech
888e61f9-bc54-4277-9202-0fd292f3c3c6	TechCrunch	Telehealth giant Hims & Hers says its customer support system was hacked	The U.S. telehealth giant says hackers stole customer support ticket data over the course of several days in February.	https://techcrunch.com/2026/04/02/telehealth-giant-hims-hers-says-its-customer-support-system-was-hacked/	11	high	18b080e50fc1aad844b91c3fd2574a57d1a31f7773d0f71951ae8b26e231b5d5	2026-04-02 21:26:48+00	2026-04-04 18:54:54.344499+00	technology	Telehealth company Hims & Hers experienced a hack of its customer support system, resulting in stolen customer ticket data	Cyber
30f774a1-8bae-49b0-9808-b52440ed8171	Hacker News	Show HN: A game where you build a GPU	\n<p>Thought the resources for GPU arch were lacking, so here we are</p>\n<hr>\n<p>Comments URL: <a href="https://news.ycombinator.com/item?id=47640728">https://news.ycombinator.com/item?id=47640728</a></p>\n<p>Points: 167</p>\n<p># Comments: 34</p>\n	https://jaso1024.com/mvidia/	9	medium	bd37d8b03e2df2634a7cecc30d5d059330336b85bb41be38201762f2badcd68e	2026-04-04 16:45:54+00	2026-04-04 18:54:54.355776+00	technology	A game for building a GPU has been created to address the lack of resources for GPU architecture	Tech
bd645e5e-8108-43b0-9442-9039d7971d3a	Hacker News	Simple self-distillation improves code generation	\n<p>Article URL: <a href="https://arxiv.org/abs/2604.01193">https://arxiv.org/abs/2604.01193</a></p>\n<p>Comments URL: <a href="https://news.ycombinator.com/item?id=47637757">https://news.ycombinator.com/item?id=47637757</a></p>\n<p>Points: 388</p>\n<p># Comments: 116</p>\n	https://arxiv.org/abs/2604.01193	11	high	a0693b028567fecb3b0ab4dbf25759fa0d0f3e9d954772e61ff755c7a12abbe5	2026-04-04 10:26:21+00	2026-04-04 18:54:54.360684+00	technology	Researchers have found that simple self-distillation can improve code generation capabilities	Tech
8f44234a-c190-48bc-9193-ac3f92681e6c	Wired	Unmasking the Paramilitary Agents Behind Trump’s Violent Immigration Crackdown	A WIRED analysis of DHS records identified dozens of specialized federal agents who used force against US civilians during the largest known deployment of its kind in US history.	https://www.wired.com/story/border-patrol-bortac-borstar-use-of-force-midway-blitz/	12	high	4b016f47c07d68b344466e47bbfdb478e598b9a10a12a7cd8aadad80bed71ee1	2026-04-02 10:00:00+00	2026-04-04 18:55:13.520314+00	technology	An investigation reveals the involvement of paramilitary agents in a violent immigration crackdown during the Trump administration	Geopolitics
27eece28-7b7d-416c-a915-23fc7ccc54ce	TechCrunch	The anonymous social app that thinks it can work in Saudi Arabia	When Fizz quietly debuted in Saudi Arabia, founder and CEO Teddy Solomon wasn’t expecting the app to catch on like it did. 	https://techcrunch.com/2026/04/03/the-anonymous-social-app-that-thinks-it-can-work-in-saudi-arabia/	9	medium	de3844ec74d54b6d37e26a7cbdd0d1db606b98ccb9245785052179e86863e75a	2026-04-03 22:24:57+00	2026-04-04 18:57:07.822984+00	technology	Fizz, an anonymous social app, has gained popularity in Saudi Arabia despite the country's strict social media regulations	Geopolitics
f706a4f1-6399-4847-afc0-54126a403a39	Wired	Maytag Promo Codes and Deals: Appliances Under $300	Upgrade your home for less with these verified Maytag discount codes, military savings, and limited-time closeout offers on washers, dryers, and more.	https://www.wired.com/story/maytag-promo-code/	5	low	79e7ece04157c3b92716e821d3f591c5a551d453eeb3b71118ccf9d4177e506f	2026-04-04 05:00:00+00	2026-04-04 18:57:07.841941+00	technology	Maytag is offering promo codes and deals on home appliances	Finance
b0f628d5-e18e-41a1-af8d-1aa8d80fa2c0	Wired	A New Implant Aims to Rewire the Brain to Help Stroke Patients	Epia Neuro’s brain-computer interface will include a motorized glove to help stroke patients recover movement in their hand.	https://www.wired.com/story/a-new-implant-aims-to-rewire-the-brain-to-help-stroke-patients/	12	high	6578b082691c7867a54b120d337b4b1958f4d822dbfa9ce95544b26e740187ee	2026-04-02 11:30:00+00	2026-04-04 18:57:07.852491+00	technology	A new brain-computer interface implant by Epia Neuro aims to help stroke patients recover hand movement with a motorized glove	Tech
e741d0eb-48bd-44ab-9d4c-103852c7288a	Al Jazeera	Trump says Iran has 48 hours to make deal as search for US pilot continues	Trump does not reference a downed US jet in his post but points to a deadline for Iran to reopen the Strait of Hormuz.	https://www.aljazeera.com/news/2026/4/4/trump-says-iran-has-48-hours-to-make-deal-as-search-for-us-pilot-continues?traffic_source=rss	12	high	d79487e07126d779adbe674594ffe614e11ad37fc4db6ad451a9a22e5fb3ead9	2026-04-04 16:35:27+00	2026-04-04 19:00:19.763886+00	geopolitics	Trump sets 48-hour deadline for Iran to make a deal, potentially related to the Strait of Hormuz	Geopolitics
850b7dc8-06a1-4ce7-b77c-48b5c8e0fc7d	Al Jazeera	What the Iran-Iraq war can tell us about the US-Israeli war on Iran	Trump and Netanyahu are harbouring the same illusions Saddam Hussein had in 1980 when he invaded Iran.	https://www.aljazeera.com/opinions/2026/4/4/what-the-iran-iraq-war-can-tell-us-about-the-us-israeli-war-on?traffic_source=rss	12	high	596ae59810f361038287c7f337149004ae61348ee53a2a06410511bf4758b445	2026-04-04 16:32:20+00	2026-04-04 19:00:19.786387+00	geopolitics	The US-Israeli stance on Iran draws parallels with the Iran-Iraq war, suggesting potential miscalculations by Trump and Netanyahu	Geopolitics
4f38deff-5fd4-4059-8b68-ad547ed00472	Ars Technica	As Artemis II zooms to the Moon, everything seems to be going swimmingly	\n                            <p>As the Artemis II lunar mission moved into its third day on Friday, and with the spacecraft's big engine firing behind it, the four astronauts on board had a little more downtime.</p>\n<p>So the four crew members—Reid Wiseman, Victor Glover, Christina Koch, and Jeremy Hansen—had their first opportunities to speak with their families at length, and also did a couple of media events. They held medical conferences with physicians back in Houston, although these were apparently routine since none of the crew members were experiencing space adaptation sickness.</p>\n<p>And they had some time to take pictures. Wiseman, the mission's commander, sent a particularly spectacular image on Friday morning that showed our planet's night side (with a relatively long exposure). Among the beautiful details in this image were not one but two auroras, as well as zodiacal light in the bottom right of the image. The Sun is visible in the distance, lighting the far side of the Earth.</p><p><a href="https://arstechnica.com/space/2026/04/as-artemis-ii-zooms-to-the-moon-everything-seems-to-be-going-swimmingly/">Read full article</a></p>\n<p><a href="https://arstechnica.com/space/2026/04/as-artemis-ii-zooms-to-the-moon-everything-seems-to-be-going-swimmingly/#comments">Comments</a></p>\n\n                        	https://arstechnica.com/space/2026/04/as-artemis-ii-zooms-to-the-moon-everything-seems-to-be-going-swimmingly/	12	high	85cfad4cf9397633a5891ef78462c500b6eb4b0394ab78c2c9c949e86f77b857	2026-04-03 22:20:19+00	2026-04-04 19:00:19.797789+00	technology	The Artemis II lunar mission is progressing smoothly, with astronauts conducting routine medical checks and engaging in media events as they journey to the Moon	Tech
f8019b55-dabf-4f85-b6f3-e62eb52e2405	Wired	The Best Samsung Galaxy S26 Cases (2026): S26, S26+, and S26 Ultra	Protect your new Samsung phone with the help of these cases and screen protectors.	https://www.wired.com/gallery/best-samsung-s26-cases-and-accessories/	6	low	c83b9b16298ebc51ecb13ba2583f9bed7b3b6d44ca19fcfa96977fc16156241b	2026-04-03 12:07:00+00	2026-04-04 19:00:19.815412+00	technology	Article reviews cases and screen protectors for Samsung Galaxy S26 series phones	Tech
0d24a858-b10a-4eeb-a1e3-39e7521ef843	Wired	Booking.com Promo Codes and Deals: Up to 20% Off	Enjoy big savings on your next adventure with our Booking.com coupons and handpicked travel deals.	https://www.wired.com/story/booking-com-promo-code/	5	low	edb74cdbc05f1e9c91e082095943bb8262ecb42da8c91873781d64284fd17425	2026-04-03 05:00:00+00	2026-04-04 19:00:19.820519+00	technology	Booking.com is offering promo codes and deals for up to 20% off on travel bookings	Finance
5cfd05e2-efb0-49d8-aa81-f56e3b52311c	Hacker News	Astronomers Find a Third Galaxy Missing Its Dark Matter	\n<p>Article URL: <a href="https://www.universetoday.com/articles/astronomers-find-a-third-galaxy-missing-its-dark-matter-validating-a-violent-cosmic-collision-theory">https://www.universetoday.com/articles/astronomers-find-a-third-galaxy-missing-its-dark-matter-validating-a-violent-cosmic-collision-theory</a></p>\n<p>Comments URL: <a href="https://news.ycombinator.com/item?id=47641057">https://news.ycombinator.com/item?id=47641057</a></p>\n<p>Points: 15</p>\n<p># Comments: 5</p>\n	https://www.universetoday.com/articles/astronomers-find-a-third-galaxy-missing-its-dark-matter-validating-a-violent-cosmic-collision-theory	8	medium	4f4783963b200738f31e5510e1c84c47f1174c9b7a6ad79c36650f07baeb6f05	2026-04-04 17:13:39+00	2026-04-04 19:00:19.827995+00	technology	Astronomers have discovered a third galaxy lacking dark matter, supporting a theory of violent cosmic collisions	Tech
54d45716-72f4-47d3-a876-87aeb20c934f	Hacker News	Mbodi AI (YC P25) Is Hiring	\n<p>Article URL: <a href="https://www.ycombinator.com/companies/mbodi-ai/jobs/mf9L3sy-senior-robotics-engineer-systems-controls">https://www.ycombinator.com/companies/mbodi-ai/jobs/mf9L3sy-senior-robotics-engineer-systems-controls</a></p>\n<p>Comments URL: <a href="https://news.ycombinator.com/item?id=47638270">https://news.ycombinator.com/item?id=47638270</a></p>\n<p>Points: 0</p>\n<p># Comments: 0</p>\n	https://www.ycombinator.com/companies/mbodi-ai/jobs/mf9L3sy-senior-robotics-engineer-systems-controls	8	medium	5263faf3af76d47db7197bd78bb0eaeb329b41f0bf4d194c9edd3b157c65751b	2026-04-04 12:00:38+00	2026-04-04 19:00:19.834402+00	technology	Mbodi AI, a Y Combinator-backed company, is hiring a senior robotics engineer for systems and controls	Tech
e2d25fe2-f96d-46ab-a9f3-1e56139d3092	Al Jazeera	Iran’s coastline: architecture of control	We take you on a walkthrough of Iran’s coastline and strategic islands marking its architecture of control.	https://www.aljazeera.com/video/newsfeed/2026/4/4/irans-coastline-architecture-of-control?traffic_source=rss	12	high	56a4be4a3402d5a47ee648eb96dd8f0995594f34723ea2c2adca7249bb582ea6	2026-04-04 18:50:16+00	2026-04-04 19:05:16.164336+00	geopolitics	Iran's coastline and strategic islands play a crucial role in its architecture of control	Geopolitics
5bde2406-6959-4a61-a65c-83fc32ab9cd9	Ars Technica	Trump ignores biggest reasons his AI data center buildout is failing	\n                            <p>Donald Trump is facing significant hurdles after declaring, in a series of executive orders last year, that rapid construction of AI data centers was among his top priorities to ensure the US wins the AI race against China.</p>\n<p>Perhaps most likely to frustrate the president, his aggressive tariffs on Chinese imports are reportedly hindering most data center projects.</p>\n<p>Earlier this week, Bloomberg <a href="https://www.bloomberg.com/news/features/2026-04-01/us-ai-data-center-expansion-relies-on-chinese-electrical-equipment-imports">reported</a> that "almost half of the US data centers planned for this year are expected to be delayed or canceled" because developers can't import enough transformers, switchgear, and batteries to build out the power infrastructure that every data center needs.</p><p><a href="https://arstechnica.com/tech-policy/2026/04/sad-trumps-ai-data-center-push-is-failing-blame-his-own-tariffs/">Read full article</a></p>\n<p><a href="https://arstechnica.com/tech-policy/2026/04/sad-trumps-ai-data-center-push-is-failing-blame-his-own-tariffs/#comments">Comments</a></p>\n\n                        	https://arstechnica.com/tech-policy/2026/04/sad-trumps-ai-data-center-push-is-failing-blame-his-own-tariffs/	12	high	7b380ee605f7f62b1590f942d13d52903334fb9c6194ac0faa475c0773fda261	2026-04-03 20:43:14+00	2026-04-04 19:05:16.192795+00	technology	Trump's AI data center buildout is hindered by his own tariffs on Chinese imports, causing delays and cancellations of data center projects	Geopolitics|Tech
1ab13b4e-bd44-4657-941e-a9e2d8c86bfa	Hacker News	Plague Ships	\n<p>Article URL: <a href="https://www.afloat.com.au/feature/plague-ships/">https://www.afloat.com.au/feature/plague-ships/</a></p>\n<p>Comments URL: <a href="https://news.ycombinator.com/item?id=47641255">https://news.ycombinator.com/item?id=47641255</a></p>\n<p>Points: 6</p>\n<p># Comments: 0</p>\n	https://www.afloat.com.au/feature/plague-ships/	5	low	07d7c3ee4a9751f7fa87ae989793b99098480d7c9c8415d96d0584baea060845	2026-04-04 17:33:21+00	2026-04-04 19:05:16.227477+00	technology	Historical ships that brought disease to new regions are being discussed in an article and on a forum	Geopolitics
4abde28b-cce9-434b-9133-86b773a0c1a7	BBC World	What we know so far about the US fighter jet shot down over Iran	The pilot of the downed jet has been safely rescued, but a search and rescue operation is still under way for the jet's second crew member, US media reports. 	https://www.bbc.com/news/articles/cm2k1dgz142o?at_medium=RSS&at_campaign=rss	13	high	4a61f88fa4c8c71012f750eb5ec7a2969a4a7be29c8277590cb80ec9ffd8352c	2026-04-04 17:04:46+00	2026-04-04 19:10:18.472568+00	geopolitics	A US fighter jet was shot down over Iran with one crew member rescued and another still missing	Geopolitics
e5a86985-3585-4982-ac7e-8c1c4bceb818	BBC World	World's oldest leader to get a deputy for first time in 43-year rule	Cameroon's President Paul Biya, 93, won his eighth successive term last year in a disputed election.	https://www.bbc.com/news/articles/cx2e95xqn10o?at_medium=RSS&at_campaign=rss	5	low	59cce98856bb65d341b05da6453119810f77d2d65260c1aec20f26f8845e6690	2026-04-04 18:30:58+00	2026-04-04 19:10:18.51384+00	geopolitics	\N	\N
d796793e-bb8a-4452-be1a-88d7c402e1ec	Al Jazeera	NASA unveils first images of Earth from Artemis II	NASA has unveiled the first images of Earth taken by Artemis II astronauts as they head towards the moon. 	https://www.aljazeera.com/video/newsfeed/2026/4/4/nasa-unveils-first-images-of-earth-from-artemis-ii?traffic_source=rss	12	high	bebaf37aa2cc980023960da99bca7efef9137e2f20c5608b2a3a94914faf4d6a	2026-04-04 04:53:57+00	2026-04-04 19:10:18.55376+00	geopolitics	NASA releases first images of Earth from Artemis II mission	Tech
ad6331a1-0525-45b4-9814-4214e98c741d	Wired	The 3 Best Portable Jump Starters in 2026: Get Charged Up	The new crop of portable jump starters means you'll never be stuck waiting on a tow. Here are the devices we'd trust.	https://www.wired.com/story/best-portable-jump-starters/	6	low	09cc07131a4fd6a96c20c8fa425cf23f9cc50c40a8bbe477092bedf6e177460a	2026-04-03 10:39:00+00	2026-04-04 19:10:18.57382+00	technology	A review of the top portable jump starters for 2026, highlighting their reliability and convenience	Tech
8d746d63-1501-48e7-8ada-6f6aa65725f2	Wired	30% Off Skullcandy Coupon Codes | April 2026	Save on today’s top Skullcandy Promo Codes for Crusher Evo headphones, 36% off Crusher ANC 2 noise-canceling headphones, and more with amazing deals.	https://www.wired.com/story/skullcandy-discount-code/	5	low	d3eb80e73632b296985f8324969b4c1f4608434389a683d879bd064a88c1ef43	2026-04-03 05:00:00+00	2026-04-04 19:10:18.57756+00	technology	Skullcandy offers discounts on select headphones	Finance
b6dd3fd9-ba59-48d3-8828-70391331291a	Wired	Tech Companies Are Trying to Neuter Colorado’s Landmark Right-to-Repair Law	A bill in Colorado is a glimpse into the future of how corporations are working to limit the freedom people have to make their own fixes and upgrades.	https://www.wired.com/story/tech-companies-are-trying-to-neuter-colorados-landmark-right-to-repair-law/	12	high	56d7d7e5f43aa05b790d367eef0c548ba85fc9f397a2711b8d845adb764a8c7c	2026-04-02 20:36:27+00	2026-04-04 19:10:18.581188+00	technology	Tech companies are attempting to undermine Colorado's landmark right-to-repair law, potentially limiting consumer freedom to repair and upgrade devices	Tech|Policy
\.


--
-- Data for Name: sources; Type: TABLE DATA; Schema: public; Owner: signal
--

COPY public.sources (id, name, url, category_id, trust_score, is_active, created_at) FROM stdin;
4d83880f-7da0-4e3d-8672-d698935fd386	Reuters World	https://feeds.reuters.com/reuters/worldNews	geopolitics	5	t	2026-04-04 18:20:32.04605+00
347ea242-f84e-46ec-8ef4-46ec4c07f8a2	Reuters Tech	https://feeds.reuters.com/reuters/technologyNews	technology	5	t	2026-04-04 18:20:32.04605+00
e23429b5-83a0-4ac7-acd5-19f8ce492043	BBC World	https://feeds.bbci.co.uk/news/world/rss.xml	geopolitics	5	t	2026-04-04 18:20:32.04605+00
8a844c79-6a71-42d5-98b7-b797a4ed458f	BBC Tech	https://feeds.bbci.co.uk/news/technology/rss.xml	technology	5	t	2026-04-04 18:20:32.04605+00
3a12bfc1-813f-4822-9ee5-e808a0078853	Al Jazeera	https://www.aljazeera.com/xml/rss/all.xml	geopolitics	4	t	2026-04-04 18:20:32.04605+00
8e0c3e39-3309-4f5a-bf11-89f69f26baab	Ars Technica	https://feeds.arstechnica.com/arstechnica/index	technology	4	t	2026-04-04 18:20:32.04605+00
dc055be7-bc17-4e20-92b8-d1de30053692	The Verge	https://www.theverge.com/rss/index.xml	technology	3	t	2026-04-04 18:20:32.04605+00
005ba82b-68d0-4c37-915a-a730a28db751	TechCrunch	https://techcrunch.com/feed/	technology	3	t	2026-04-04 18:20:32.04605+00
2c7eda38-c05e-491e-9e6b-c647d3faebfc	Wired	https://www.wired.com/feed/rss	technology	4	t	2026-04-04 18:20:32.04605+00
99a3e922-46af-44e1-889e-8929d0d5c3f1	Hacker News	https://hnrss.org/frontpage	technology	3	t	2026-04-04 18:20:32.04605+00
\.


--
-- Name: categories categories_pkey; Type: CONSTRAINT; Schema: public; Owner: signal
--

ALTER TABLE ONLY public.categories
    ADD CONSTRAINT categories_pkey PRIMARY KEY (slug);


--
-- Name: signals signals_hash_unique; Type: CONSTRAINT; Schema: public; Owner: signal
--

ALTER TABLE ONLY public.signals
    ADD CONSTRAINT signals_hash_unique UNIQUE (hash);


--
-- Name: signals signals_pkey; Type: CONSTRAINT; Schema: public; Owner: signal
--

ALTER TABLE ONLY public.signals
    ADD CONSTRAINT signals_pkey PRIMARY KEY (id);


--
-- Name: sources sources_pkey; Type: CONSTRAINT; Schema: public; Owner: signal
--

ALTER TABLE ONLY public.sources
    ADD CONSTRAINT sources_pkey PRIMARY KEY (id);


--
-- Name: idx_signals_category_id; Type: INDEX; Schema: public; Owner: signal
--

CREATE INDEX idx_signals_category_id ON public.signals USING btree (category_id);


--
-- Name: idx_signals_created_at; Type: INDEX; Schema: public; Owner: signal
--

CREATE INDEX idx_signals_created_at ON public.signals USING btree (created_at);


--
-- Name: idx_signals_hash; Type: INDEX; Schema: public; Owner: signal
--

CREATE INDEX idx_signals_hash ON public.signals USING btree (hash);


--
-- Name: idx_signals_score; Type: INDEX; Schema: public; Owner: signal
--

CREATE INDEX idx_signals_score ON public.signals USING btree (score);


--
-- Name: idx_signals_severity; Type: INDEX; Schema: public; Owner: signal
--

CREATE INDEX idx_signals_severity ON public.signals USING btree (severity);


--
-- Name: signals signals_category_id_categories_slug_fk; Type: FK CONSTRAINT; Schema: public; Owner: signal
--

ALTER TABLE ONLY public.signals
    ADD CONSTRAINT signals_category_id_categories_slug_fk FOREIGN KEY (category_id) REFERENCES public.categories(slug);


--
-- Name: sources sources_category_id_categories_slug_fk; Type: FK CONSTRAINT; Schema: public; Owner: signal
--

ALTER TABLE ONLY public.sources
    ADD CONSTRAINT sources_category_id_categories_slug_fk FOREIGN KEY (category_id) REFERENCES public.categories(slug);


--
-- PostgreSQL database dump complete
--

\unrestrict 1ggraS0rksPb1V5ngAu8Kn1bYZFwpA3bJW5Cylqo49aHl1kBrTC3FaEEwdZc5bt

